storm_id,issues
1950126N09151,жЧ†ERA5
1950174N19127,"зЇђеЇ¶иґКзХМ, жЧ†ERA5"
1950195N17139,жЧ†ERA5
1950196N21144,жЧ†ERA5
1950206N22143,жЧ†ERA5
1950221N19124,жЧ†ERA5
1950241N23140,"зЇђеЇ¶иґКзХМ, жЧ†ERA5"
1950247N15145,"зЇђеЇ¶иґКзХМ, жЧ†ERA5"
1950255N14153,жЧ†ERA5
1950256N14137,"зЇђеЇ¶иґКзХМ, йАЯеЇ¶еЉВеЄЄ(158km/h), жЧ†ERA5"
1950269N05153,жЧ†ERA5
1950291N20146,жЧ†ERA5
1950301N09138,"зЇђеЇ¶иґКзХМ, жЧ†ERA5"
1950305N12145,жЧ†ERA5
1950308N13151,жЧ†ERA5
1950322N06138,жЧ†ERA5
1950360N10141,жЧ†ERA5
1951077N06158,жЧ†ERA5
1951105N08152,жЧ†ERA5
1951119N06145,жЧ†ERA5
1951124N04167,"зЇђеЇ¶иґКзХМ, жЧ†ERA5"
1951177N12136,жЧ†ERA5
1951206N11145,жЧ†ERA5
1951223N11148,"зЇђеЇ¶иґКзХМ, жЧ†ERA5"
1951239N11144,жЧ†ERA5
1951255N08148,жЧ†ERA5
1951263N08137,"зЇђеЇ¶иґКзХМ, жЧ†ERA5"
1951281N11147,"зЇђеЇ¶иґКзХМ, жЧ†ERA5"
1951295N21152,"зїПеЇ¶иґКзХМ, йАЯеЇ¶еЉВеЄЄ(10247km/h), жЧ†ERA5"
1951300N13155,"зїПеЇ¶иґКзХМ, йАЯеЇ¶еЉВеЄЄ(10441km/h), жЧ†ERA5"
1951301N16128,"зїПеЇ¶иґКзХМ, йАЯеЇ¶еЉВеЄЄ(10232km/h), жЧ†ERA5"
1951321N09143,жЧ†ERA5
1951337N09150,жЧ†ERA5
1951344N09143,"зЇђеЇ¶иґКзХМ, йАЯеЇ¶еЉВеЄЄ(170km/h), жЧ†ERA5"
1952162N15118,жЧ†ERA5
1952171N12130,"зЇђеЇ¶иґКзХМ, зїПеЇ¶иґКзХМ, йАЯеЇ¶еЉВеЄЄ(8765km/h), жЧ†ERA5"
1952180N05144,жЧ†ERA5
1952191N23124,жЧ†ERA5
1952197N27130,жЧ†ERA5
1952206N09134,жЧ†ERA5
1952215N13131,жЧ†ERA5
1952217N15127,"зїПеЇ¶иґКзХМ, йАЯеЇ¶еЉВеЄЄ(10746km/h), жЧ†ERA5"
1952224N14135,"зЇђеЇ¶иґКзХМ, зїПеЇ¶иґКзХМ, йАЯеЇ¶еЉВеЄЄ(7932km/h), жЧ†ERA5"
1952236N10135,жЧ†ERA5
1952241N08137,жЧ†ERA5
1952245N09139,жЧ†ERA5
1952258N18178,"зЇђеЇ¶иґКзХМ, зїПеЇ¶иґКзХМ, йАЯеЇ¶еЉВеЄЄ(8971km/h), жЧ†ERA5"
1952269N11157,жЧ†ERA5
1952278N22140,жЧ†ERA5
1952287N09148,жЧ†ERA5
1952288N10118,жЧ†ERA5
1952289N15128,"зїПеЇ¶иґКзХМ, жЧ†ERA5"
1952296N06152,жЧ†ERA5
1952303N09149,"зїПеЇ¶иґКзХМ, йАЯеЇ¶еЉВеЄЄ(10170km/h), жЧ†ERA5"
1952312N08150,жЧ†ERA5
1952321N10146,"зїПеЇ¶иґКзХМ, йАЯеЇ¶еЉВеЄЄ(10461km/h), жЧ†ERA5"
1952326N07144,жЧ†ERA5
1952348N08129,жЧ†ERA5
1952352N07147,жЧ†ERA5
1952363N06171,"йАЯеЇ¶еЉВеЄЄ(747km/h), жЧ†ERA5"
1953049N07167,жЧ†ERA5
1953148N08150,жЧ†ERA5
1953176N05150,жЧ†ERA5
1953205N17158,"зЇђеЇ¶иґКзХМ, жЧ†ERA5"
1953211N19130,"зЇђеЇ¶иґКзХМ, жЧ†ERA5"
1953219N08155,"зЇђеЇ¶иґКзХМ, жЧ†ERA5"
1953222N17127,жЧ†ERA5
1953227N09147,жЧ†ERA5
1953231N32116,"зЇђеЇ¶иґКзХМ, жЧ†ERA5"
1953235N10162,жЧ†ERA5
1953256N17128,жЧ†ERA5
1953260N07153,"зЇђеЇ¶иґКзХМ, жЧ†ERA5"
1953274N16113,"зїПеЇ¶иґКзХМ, йАЯеЇ¶еЉВеЄЄ(10046km/h), жЧ†ERA5"
1953279N14160,жЧ†ERA5
1953285N09161,"зїПеЇ¶иґКзХМ, йАЯеЇ¶еЉВеЄЄ(10230km/h), жЧ†ERA5"
1953299N09138,жЧ†ERA5
1953313N06155,жЧ†ERA5
1953343N06170,жЧ†ERA5
1954125N07131,жЧ†ERA5
1954185N07145,жЧ†ERA5
1954223N22138,"зїПеЇ¶иґКзХМ, йАЯеЇ¶еЉВеЄЄ(9954km/h), жЧ†ERA5"
1954223N22150,"зЇђеЇ¶иґКзХМ, зїПеЇ¶иґКзХМ, йАЯеЇ¶еЉВеЄЄ(8667km/h), жЧ†ERA5"
1954231N10159,"зїПеЇ¶иґКзХМ, жЧ†ERA5"
1954240N13151,"зЇђеЇ¶иґКзХМ, зїПеЇ¶иґКзХМ, йАЯеЇ¶еЉВеЄЄ(6388km/h), жЧ†ERA5"
1954247N19152,"зЇђеЇ¶иґКзХМ, жЧ†ERA5"
1954253N18157,"зЇђеЇ¶иґКзХМ, зїПеЇ¶иґКзХМ, йАЯеЇ¶еЉВеЄЄ(8255km/h), жЧ†ERA5"
1954261N11150,"зЇђеЇ¶иґКзХМ, зїПеЇ¶иґКзХМ, йАЯеЇ¶еЉВеЄЄ(7961km/h), жЧ†ERA5"
1954273N16146,жЧ†ERA5
1954285N14160,"зїПеЇ¶иґКзХМ, йАЯеЇ¶еЉВеЄЄ(10213km/h), жЧ†ERA5"
1954300N10141,жЧ†ERA5
1954307N04148,"зЇђеЇ¶иґКзХМ, жЧ†ERA5"
1954314N11152,жЧ†ERA5
1954326N12157,жЧ†ERA5
1955001N08140,жЧ†ERA5
1955080N07168,жЧ†ERA5
1955107N07139,жЧ†ERA5
1955153N18115,жЧ†ERA5
1955186N10147,жЧ†ERA5
1955194N18138,жЧ†ERA5
1955196N23153,"зЇђеЇ¶иґКзХМ, зїПеЇ¶иґКзХМ, йАЯеЇ¶еЉВеЄЄ(8873km/h), жЧ†ERA5"
1955199N20131,"зЇђеЇ¶иґКзХМ, зїПеЇ¶иґКзХМ, йАЯеЇ¶еЉВеЄЄ(8959km/h), жЧ†ERA5"
1955204N11153,жЧ†ERA5
1955215N12139,"зЇђеЇ¶иґКзХМ, жЧ†ERA5"
1955232N09137,жЧ†ERA5
1955241N17144,"зЇђеЇ¶иґКзХМ, зїПеЇ¶иґКзХМ, йАЯеЇ¶еЉВеЄЄ(7701km/h), жЧ†ERA5"
1955259N10153,жЧ†ERA5
1955263N13150,"зЇђеЇ¶иґКзХМ, зїПеЇ¶иґКзХМ, йАЯеЇ¶еЉВеЄЄ(6415km/h), жЧ†ERA5"
1955271N12145,жЧ†ERA5
1955277N16134,"зЇђеЇ¶иґКзХМ, зїПеЇ¶иґКзХМ, йАЯеЇ¶еЉВеЄЄ(7864km/h), жЧ†ERA5"
1955289N19128,"зЇђеЇ¶иґКзХМ, зїПеЇ¶иґКзХМ, йАЯеЇ¶еЉВеЄЄ(8858km/h), жЧ†ERA5"
1955329N10129,жЧ†ERA5
1955346N06142,жЧ†ERA5
1956081N02154,"зЇђеЇ¶иґКзХМ, жЧ†ERA5"
1956107N06147,жЧ†ERA5
1956187N12126,жЧ†ERA5
1956207N13145,жЧ†ERA5
1956215N23146,жЧ†ERA5
1956223N16126,жЧ†ERA5
1956238N14143,жЧ†ERA5
1956242N16132,"зЇђеЇ¶иґКзХМ, жЧ†ERA5"
1956245N24140,"зЇђеЇ¶иґКзХМ, жЧ†ERA5"
1956257N18131,"зЇђеЇ¶иґКзХМ, зїПеЇ¶иґКзХМ, йАЯеЇ¶еЉВеЄЄ(8352km/h), жЧ†ERA5"
1956261N12129,жЧ†ERA5
1956263N15142,"зЇђеЇ¶иґКзХМ, зїПеЇ¶иґКзХМ, йАЯеЇ¶еЉВеЄЄ(6859km/h), жЧ†ERA5"
1956267N26141,жЧ†ERA5
1956288N11132,жЧ†ERA5
1956314N08153,жЧ†ERA5
1956328N14129,жЧ†ERA5
1956329N09136,жЧ†ERA5
1956342N14128,жЧ†ERA5
1957021N03152,"зЇђеЇ¶иґКзХМ, жЧ†ERA5"
1957101N05136,"зЇђеЇ¶иґКзХМ, жЧ†ERA5"
1957122N03154,"зЇђеЇ¶иґКзХМ, зїПеЇ¶иґКзХМ, йАЯеЇ¶еЉВеЄЄ(10030km/h), жЧ†ERA5"
1957168N05156,жЧ†ERA5
1957192N07141,жЧ†ERA5
1957223N08145,"зЇђеЇ¶иґКзХМ, жЧ†ERA5"
1957238N14153,"зЇђеЇ¶иґКзХМ, зїПеЇ¶иґКзХМ, йАЯеЇ¶еЉВеЄЄ(8882km/h), жЧ†ERA5"
1957244N15210,"зЇђеЇ¶иґКзХМ, зїПеЇ¶иґКзХМ, йАЯеЇ¶еЉВеЄЄ(12495km/h), жЧ†ERA5"
1957249N18125,жЧ†ERA5
1957258N17147,"зїПеЇ¶иґКзХМ, йАЯеЇ¶еЉВеЄЄ(9490km/h), жЧ†ERA5"
1957261N10147,"зїПеЇ¶иґКзХМ, йАЯеЇ¶еЉВеЄЄ(10285km/h), жЧ†ERA5"
1957261N12135,жЧ†ERA5
1957276N09151,"зЇђеЇ¶иґКзХМ, зїПеЇ¶иґКзХМ, йАЯеЇ¶еЉВеЄЄ(7838km/h), жЧ†ERA5"
1957281N15118,жЧ†ERA5
1957291N14155,"зїПеЇ¶иґКзХМ, йАЯеЇ¶еЉВеЄЄ(9566km/h), жЧ†ERA5"
1957309N11161,жЧ†ERA5
1957311N06171,"зїПеЇ¶иґКзХМ, йАЯеЇ¶еЉВеЄЄ(10473km/h), жЧ†ERA5"
1957321N06172,"зїПеЇ¶иґКзХМ, йАЯеЇ¶еЉВеЄЄ(11022km/h), жЧ†ERA5"
1958007N03171,"зЇђеЇ¶иґКзХМ, жЧ†ERA5"
1958143N06158,"зЇђеЇ¶иґКзХМ, жЧ†ERA5"
1958158N08151,жЧ†ERA5
1958164N12146,жЧ†ERA5
1958179N04158,"зЇђеЇ¶иґКзХМ, жЧ†ERA5"
1958189N11149,"зЇђеЇ¶иґКзХМ, жЧ†ERA5"
1958192N16135,жЧ†ERA5
1958194N05146,"зЇђеЇ¶иґКзХМ, зїПеЇ¶иґКзХМ, йАЯеЇ¶еЉВеЄЄ(8789km/h), жЧ†ERA5"
1958194N20115,жЧ†ERA5
1958203N09160,жЧ†ERA5
1958217N23152,"зЇђеЇ¶иґКзХМ, жЧ†ERA5"
1958232N12139,жЧ†ERA5
1958240N08146,жЧ†ERA5
1958251N10142,"зЇђеЇ¶иґКзХМ, зїПеЇ¶иґКзХМ, йАЯеЇ¶еЉВеЄЄ(7768km/h), жЧ†ERA5"
1958263N13148,жЧ†ERA5
1958263N19175,жЧ†ERA5
1958293N12128,жЧ†ERA5
1958295N10149,"зїПеЇ¶иґКзХМ, йАЯеЇ¶еЉВеЄЄ(10778km/h), жЧ†ERA5"
1958297N12161,"зїПеЇ¶иґКзХМ, йАЯеЇ¶еЉВеЄЄ(10651km/h), жЧ†ERA5"
1958325N11133,жЧ†ERA5
1958332N11139,жЧ†ERA5
1958335N05170,жЧ†ERA5
1959063N06165,жЧ†ERA5
1959104N05149,"зЇђеЇ¶иґКзХМ, жЧ†ERA5"
1959185N16118,"зЇђеЇ¶иґКзХМ, жЧ†ERA5"
1959190N08145,жЧ†ERA5
1959211N21148,"зЇђеЇ¶иґКзХМ, зїПеЇ¶иґКзХМ, йАЯеЇ¶еЉВеЄЄ(9443km/h), жЧ†ERA5"
1959222N15153,"зЇђеЇ¶иґКзХМ, жЧ†ERA5"
1959226N16140,жЧ†ERA5
1959231N16130,жЧ†ERA5
1959236N10132,жЧ†ERA5
1959236N12139,жЧ†ERA5
1959241N12148,жЧ†ERA5
1959248N13132,жЧ†ERA5
1959249N19181,"зїПеЇ¶иґКзХМ, йАЯеЇ¶еЉВеЄЄ(11883km/h), жЧ†ERA5"
1959254N14148,"зЇђеЇ¶иґКзХМ, жЧ†ERA5"
1959261N11143,жЧ†ERA5
1959263N11160,"зїПеЇ¶иґКзХМ, йАЯеЇ¶еЉВеЄЄ(10701km/h), жЧ†ERA5"
1959274N09137,"зїПеЇ¶иґКзХМ, йАЯеЇ¶еЉВеЄЄ(9552km/h), жЧ†ERA5"
1959278N15118,жЧ†ERA5
1959281N09143,жЧ†ERA5
1959286N07168,"зЇђеЇ¶иґКзХМ, зїПеЇ¶иґКзХМ, йАЯеЇ¶еЉВеЄЄ(9395km/h), жЧ†ERA5"
1959305N06167,жЧ†ERA5
1959317N09137,жЧ†ERA5
1959346N06147,жЧ†ERA5
1959356N05152,"зЇђеЇ¶иґКзХМ, йАЯеЇ¶еЉВеЄЄ(1513km/h), жЧ†ERA5"
1960028N06135,жЧ†ERA5
1960067N08148,жЧ†ERA5
1960112N09127,жЧ†ERA5
1960146N08131,"зїПеЇ¶иґКзХМ, йАЯеЇ¶еЉВеЄЄ(10746km/h), жЧ†ERA5"
1960154N12137,жЧ†ERA5
1960154N17116,жЧ†ERA5
1960164N29134,"зїПеЇ¶иґКзХМ, йАЯеЇ¶еЉВеЄЄ(9456km/h), жЧ†ERA5"
1960173N08137,жЧ†ERA5
1960199N17129,"зЇђеЇ¶иґКзХМ, жЧ†ERA5"
1960207N22154,"зЇђеЇ¶иґКзХМ, зїПеЇ¶иґКзХМ, йАЯеЇ¶еЉВеЄЄ(7945km/h), жЧ†ERA5"
1960210N13134,жЧ†ERA5
1960215N11138,жЧ†ERA5
1960220N18140,жЧ†ERA5
1960223N21127,жЧ†ERA5
1960223N23136,жЧ†ERA5
1960227N21144,"зЇђеЇ¶иґКзХМ, жЧ†ERA5"
1960227N23126,"зЇђеЇ¶иґКзХМ, жЧ†ERA5"
1960230N13155,"зЇђеЇ¶иґКзХМ, жЧ†ERA5"
1960231N22117,жЧ†ERA5
1960235N10159,жЧ†ERA5
1960243N11137,жЧ†ERA5
1960248N15148,жЧ†ERA5
1960253N09153,жЧ†ERA5
1960261N21123,"зЇђеЇ¶иґКзХМ, жЧ†ERA5"
1960268N22153,"зЇђеЇ¶иґКзХМ, жЧ†ERA5"
1960273N10142,жЧ†ERA5
1960282N21132,жЧ†ERA5
1960286N11163,жЧ†ERA5
1960294N13138,"зЇђеЇ¶иґКзХМ, зїПеЇ¶иґКзХМ, йАЯеЇ¶еЉВеЄЄ(8107km/h), жЧ†ERA5"
1960297N40158,"зїПеЇ¶иґКзХМ, йАЯеЇ¶еЉВеЄЄ(10019km/h), жЧ†ERA5"
1960327N09161,"зЇђеЇ¶иґКзХМ, зїПеЇ¶иґКзХМ, йАЯеЇ¶еЉВеЄЄ(9783km/h), жЧ†ERA5"
1960346N07148,жЧ†ERA5
1961014N07141,жЧ†ERA5
1961081N08148,жЧ†ERA5
1961135N12121,жЧ†ERA5
1961141N09135,"зЇђеЇ¶иґКзХМ, зїПеЇ¶иґКзХМ, йАЯеЇ¶еЉВеЄЄ(7253km/h), жЧ†ERA5"
1961171N11115,жЧ†ERA5
1961173N09139,"зЇђеЇ¶иґКзХМ, жЧ†ERA5"
1961188N10147,жЧ†ERA5
1961193N12146,жЧ†ERA5
1961198N18134,жЧ†ERA5
1961204N12147,жЧ†ERA5
1961207N20143,жЧ†ERA5
1961213N12134,жЧ†ERA5
1961225N14143,жЧ†ERA5
1961231N12134,жЧ†ERA5
1961241N20155,жЧ†ERA5
1961247N15127,жЧ†ERA5
1961248N18155,жЧ†ERA5
1961250N07173,"зЇђеЇ¶иґКзХМ, зїПеЇ¶иґКзХМ, йАЯеЇ¶еЉВеЄЄ(6534km/h), жЧ†ERA5"
1961264N12130,жЧ†ERA5
1961265N11156,жЧ†ERA5
1961269N11161,"зЇђеЇ¶иґКзХМ, жЧ†ERA5"
1961276N22152,"зЇђеЇ¶иґКзХМ, жЧ†ERA5"
1961279N17119,жЧ†ERA5
1961291N08159,"зЇђеЇ¶иґКзХМ, жЧ†ERA5"
1961291N12120,"зїПеЇ¶иґКзХМ, жЧ†ERA5"
1961298N17166,жЧ†ERA5
1961312N14153,"зїПеЇ¶иґКзХМ, йАЯеЇ¶еЉВеЄЄ(10537km/h), жЧ†ERA5"
1961339N08137,жЧ†ERA5
1962033N06129,жЧ†ERA5
1962106N10143,"зЇђеЇ¶иґКзХМ, жЧ†ERA5"
1962135N07132,"зЇђеЇ¶иґКзХМ, жЧ†ERA5"
1962145N08133,жЧ†ERA5
1962187N17129,"зЇђеЇ¶иґКзХМ, жЧ†ERA5"
1962198N15124,жЧ†ERA5
1962202N20158,жЧ†ERA5
1962206N14140,"зЇђеЇ¶иґКзХМ, зїПеЇ¶иґКзХМ, йАЯеЇ¶еЉВеЄЄ(6528km/h), жЧ†ERA5"
1962211N09153,"зЇђеЇ¶иґКзХМ, зїПеЇ¶иґКзХМ, йАЯеЇ¶еЉВеЄЄ(7426km/h), жЧ†ERA5"
1962217N10142,жЧ†ERA5
1962224N11151,"зЇђеЇ¶иґКзХМ, зїПеЇ¶иґКзХМ, йАЯеЇ¶еЉВеЄЄ(8893km/h), жЧ†ERA5"
1962226N22128,"зЇђеЇ¶иґКзХМ, жЧ†ERA5"
1962232N17149,"зЇђеЇ¶иґКзХМ, зїПеЇ¶иґКзХМ, йАЯеЇ¶еЉВеЄЄ(7886km/h), жЧ†ERA5"
1962236N20131,жЧ†ERA5
1962237N07155,жЧ†ERA5
1962241N14150,"зЇђеЇ¶иґКзХМ, жЧ†ERA5"
1962254N11123,"зїПеЇ¶иґКзХМ, жЧ†ERA5"
1962261N15121,жЧ†ERA5
1962268N12144,жЧ†ERA5
1962272N10161,"зЇђеЇ¶иґКзХМ, зїПеЇ¶иґКзХМ, йАЯеЇ¶еЉВеЄЄ(8203km/h), жЧ†ERA5"
1962274N16158,"зЇђеЇ¶иґКзХМ, зїПеЇ¶иґКзХМ, йАЯеЇ¶еЉВеЄЄ(9421km/h), жЧ†ERA5"
1962292N11119,"зїПеЇ¶иґКзХМ, жЧ†ERA5"
1962292N11139,"зїПеЇ¶иґКзХМ, йАЯеЇ¶еЉВеЄЄ(9496km/h), жЧ†ERA5"
1962308N08138,жЧ†ERA5
1962311N06154,"зїПеЇ¶иґКзХМ, йАЯеЇ¶еЉВеЄЄ(10774km/h), жЧ†ERA5"
1962327N05144,"зїПеЇ¶иґКзХМ, жЧ†ERA5"
1962340N07141,"зїПеЇ¶иґКзХМ, йАЯеЇ¶еЉВеЄЄ(10838km/h), жЧ†ERA5"
1963116N08146,"зЇђеЇ¶иґКзХМ, зїПеЇ¶иґКзХМ, йАЯеЇ¶еЉВеЄЄ(8718km/h), жЧ†ERA5"
1963147N12135,"зїПеЇ¶иґКзХМ, йАЯеЇ¶еЉВеЄЄ(9539km/h), жЧ†ERA5"
1963158N20116,"зЇђеЇ¶иґКзХМ, зїПеЇ¶иґКзХМ, йАЯеЇ¶еЉВеЄЄ(8180km/h), жЧ†ERA5"
1963163N13135,"зЇђеЇ¶иґКзХМ, зїПеЇ¶иґКзХМ, йАЯеЇ¶еЉВеЄЄ(7430km/h), жЧ†ERA5"
1963167N09156,жЧ†ERA5
1963182N11144,жЧ†ERA5
1963190N15149,"зЇђеЇ¶иґКзХМ, жЧ†ERA5"
1963196N10146,жЧ†ERA5
1963207N13151,"зЇђеЇ¶иґКзХМ, зїПеЇ¶иґКзХМ, йАЯеЇ¶еЉВеЄЄ(7422km/h), жЧ†ERA5"
1963219N09146,жЧ†ERA5
1963235N17164,"зЇђеЇ¶иґКзХМ, зїПеЇ¶иґКзХМ, йАЯеЇ¶еЉВеЄЄ(9098km/h), жЧ†ERA5"
1963236N22137,"зЇђеЇ¶иґКзХМ, жЧ†ERA5"
1963240N09157,жЧ†ERA5
1963247N18145,жЧ†ERA5
1963251N13151,"зїПеЇ¶иґКзХМ, йАЯеЇ¶еЉВеЄЄ(10787km/h), жЧ†ERA5"
1963260N10153,жЧ†ERA5
1963270N08154,"зЇђеЇ¶иґКзХМ, зїПеЇ¶иґКзХМ, йАЯеЇ¶еЉВеЄЄ(7820km/h), жЧ†ERA5"
1963276N10140,"зЇђеЇ¶иґКзХМ, зїПеЇ¶иґКзХМ, йАЯеЇ¶еЉВеЄЄ(8611km/h), жЧ†ERA5"
1963279N07165,"зЇђеЇ¶иґКзХМ, зїПеЇ¶иґКзХМ, йАЯеЇ¶еЉВеЄЄ(9093km/h), жЧ†ERA5"
1963287N19164,жЧ†ERA5
1963291N12156,жЧ†ERA5
1963296N15164,"зЇђеЇ¶иґКзХМ, зїПеЇ¶иґКзХМ, йАЯеЇ¶еЉВеЄЄ(8517km/h), жЧ†ERA5"
1963343N10130,жЧ†ERA5
1963349N12131,жЧ†ERA5
1963352N02174,"зЇђеЇ¶иґКзХМ, жЧ†ERA5"
1964133N10134,жЧ†ERA5
1964143N13112,жЧ†ERA5
1964177N09142,жЧ†ERA5
1964178N12149,жЧ†ERA5
1964184N22133,жЧ†ERA5
1964187N07150,жЧ†ERA5
1964193N10145,жЧ†ERA5
1964196N17144,жЧ†ERA5
1964206N18128,"зЇђеЇ¶иґКзХМ, жЧ†ERA5"
1964208N17142,жЧ†ERA5
1964209N17150,"зЇђеЇ¶иґКзХМ, жЧ†ERA5"
1964215N07150,жЧ†ERA5
1964222N10144,жЧ†ERA5
1964224N25161,"зЇђеЇ¶иґКзХМ, зїПеЇ¶иґКзХМ, йАЯеЇ¶еЉВеЄЄ(8777km/h), жЧ†ERA5"
1964225N18128,жЧ†ERA5
1964234N20107,жЧ†ERA5
1964245N20132,жЧ†ERA5
1964247N09159,жЧ†ERA5
1964256N17141,"зїПеЇ¶иґКзХМ, жЧ†ERA5"
1964257N13118,жЧ†ERA5
1964261N12149,"зЇђеЇ¶иґКзХМ, зїПеЇ¶иґКзХМ, йАЯеЇ¶еЉВеЄЄ(8223km/h), жЧ†ERA5"
1964267N17120,жЧ†ERA5
1964269N12142,"зїПеЇ¶иґКзХМ, жЧ†ERA5"
1964276N07142,жЧ†ERA5
1964278N07156,жЧ†ERA5
1964287N13165,"зїПеЇ¶иґКзХМ, йАЯеЇ¶еЉВеЄЄ(10969km/h), жЧ†ERA5"
1964291N11143,"зїПеЇ¶иґКзХМ, жЧ†ERA5"
1964295N07158,жЧ†ERA5
1964305N12128,жЧ†ERA5
1964309N11132,жЧ†ERA5
1964316N13117,"зїПеЇ¶иґКзХМ, жЧ†ERA5"
1964319N08141,жЧ†ERA5
1964332N12120,жЧ†ERA5
1964344N06153,жЧ†ERA5
1965017N12126,жЧ†ERA5
1965021N07151,"зїПеЇ¶иґКзХМ, йАЯеЇ¶еЉВеЄЄ(11309km/h), жЧ†ERA5"
1965046N07114,жЧ†ERA5
1965046N09140,жЧ†ERA5
1965101N06158,жЧ†ERA5
1965140N09134,"зЇђеЇ¶иґКзХМ, зїПеЇ¶иґКзХМ, йАЯеЇ¶еЉВеЄЄ(9149km/h), жЧ†ERA5"
1965149N18113,жЧ†ERA5
1965150N18109,жЧ†ERA5
1965161N09151,жЧ†ERA5
1965169N08142,"зїПеЇ¶иґКзХМ, йАЯеЇ¶еЉВеЄЄ(9381km/h), жЧ†ERA5"
1965187N08144,"зїПеЇ¶иґКзХМ, жЧ†ERA5"
1965194N06156,жЧ†ERA5
1965200N10152,жЧ†ERA5
1965205N07163,"зЇђеЇ¶иґКзХМ, зїПеЇ¶иґКзХМ, йАЯеЇ¶еЉВеЄЄ(8061km/h), жЧ†ERA5"
1965208N14133,жЧ†ERA5
1965214N24139,жЧ†ERA5
1965226N17116,"зїПеЇ¶иґКзХМ, жЧ†ERA5"
1965226N20139,"зЇђеЇ¶иґКзХМ, жЧ†ERA5"
1965227N12173,жЧ†ERA5
1965238N14144,"зЇђеЇ¶иґКзХМ, жЧ†ERA5"
1965241N19118,жЧ†ERA5
1965242N15139,жЧ†ERA5
1965244N09145,"зЇђеЇ¶иґКзХМ, зїПеЇ¶иґКзХМ, йАЯеЇ¶еЉВеЄЄ(8234km/h), жЧ†ERA5"
1965251N11143,"зЇђеЇ¶иґКзХМ, зїПеЇ¶иґКзХМ, йАЯеЇ¶еЉВеЄЄ(9474km/h), жЧ†ERA5"
1965256N13149,"зїПеЇ¶иґКзХМ, йАЯеЇ¶еЉВеЄЄ(11609km/h), жЧ†ERA5"
1965259N08153,"зЇђеЇ¶иґКзХМ, жЧ†ERA5"
1965266N12112,жЧ†ERA5
1965269N08156,"зЇђеЇ¶иґКзХМ, зїПеЇ¶иґКзХМ, йАЯеЇ¶еЉВеЄЄ(7424km/h), жЧ†ERA5"
1965274N09162,"зЇђеЇ¶иґКзХМ, зїПеЇ¶иґКзХМ, йАЯеЇ¶еЉВеЄЄ(7951km/h), жЧ†ERA5"
1965283N08168,"зЇђеЇ¶иґКзХМ, зїПеЇ¶иґКзХМ, йАЯеЇ¶еЉВеЄЄ(8678km/h), жЧ†ERA5"
1965309N08112,жЧ†ERA5
1965317N09169,"зЇђеЇ¶иґКзХМ, зїПеЇ¶иґКзХМ, йАЯеЇ¶еЉВеЄЄ(8784km/h), жЧ†ERA5"
1965352N09111,"зїПеЇ¶иґКзХМ, жЧ†ERA5"
1966093N07166,жЧ†ERA5
1966130N06139,жЧ†ERA5
1966141N16117,"зїПеЇ¶иґКзХМ, йАЯеЇ¶еЉВеЄЄ(9976km/h), жЧ†ERA5"
1966171N09151,"зЇђеЇ¶иґКзХМ, зїПеЇ¶иґКзХМ, йАЯеЇ¶еЉВеЄЄ(8507km/h), жЧ†ERA5"
1966189N11127,жЧ†ERA5
1966195N18135,жЧ†ERA5
1966197N18143,жЧ†ERA5
1966204N16116,жЧ†ERA5
1966210N11113,жЧ†ERA5
1966214N15145,"зїПеЇ¶иґКзХМ, йАЯеЇ¶еЉВеЄЄ(9716km/h), жЧ†ERA5"
1966222N25140,жЧ†ERA5
1966223N16118,жЧ†ERA5
1966230N18149,жЧ†ERA5
1966230N27132,"зЇђеЇ¶иґКзХМ, жЧ†ERA5"
1966234N18169,"зЇђеЇ¶иґКзХМ, жЧ†ERA5"
1966236N13144,жЧ†ERA5
1966241N17147,жЧ†ERA5
1966247N17137,"зЇђеЇ¶иґКзХМ, зїПеЇ¶иґКзХМ, йАЯеЇ¶еЉВеЄЄ(9077km/h), жЧ†ERA5"
1966252N16151,жЧ†ERA5
1966252N17112,жЧ†ERA5
1966254N17160,"зїПеЇ¶иґКзХМ, йАЯеЇ¶еЉВеЄЄ(9983km/h), жЧ†ERA5"
1966259N15142,"зЇђеЇ¶иґКзХМ, жЧ†ERA5"
1966261N13158,жЧ†ERA5
1966262N11160,"зЇђеЇ¶иґКзХМ, зїПеЇ¶иґКзХМ, йАЯеЇ¶еЉВеЄЄ(8495km/h), жЧ†ERA5"
1966280N13154,"зЇђеЇ¶иґКзХМ, зїПеЇ¶иґКзХМ, йАЯеЇ¶еЉВеЄЄ(9471km/h), жЧ†ERA5"
1966299N10137,жЧ†ERA5
1966303N14168,"зЇђеЇ¶иґКзХМ, зїПеЇ¶иґКзХМ, йАЯеЇ¶еЉВеЄЄ(9614km/h), жЧ†ERA5"
1966321N09138,жЧ†ERA5
1966325N08140,жЧ†ERA5
1966358N07139,жЧ†ERA5
1967028N05140,жЧ†ERA5
1967059N02145,"зЇђеЇ¶иґКзХМ, жЧ†ERA5"
1967075N08148,"зїПеЇ¶иґКзХМ, йАЯеЇ¶еЉВеЄЄ(10636km/h), жЧ†ERA5"
1967091N04151,"зЇђеЇ¶иґКзХМ, жЧ†ERA5"
1967128N06137,жЧ†ERA5
1967175N10142,жЧ†ERA5
1967181N09148,"зЇђеЇ¶иґКзХМ, жЧ†ERA5"
1967183N20155,жЧ†ERA5
1967200N16136,жЧ†ERA5
1967200N19148,"зЇђеЇ¶иґКзХМ, жЧ†ERA5"
1967206N15153,"зЇђеЇ¶иґКзХМ, зїПеЇ¶иґКзХМ, йАЯеЇ¶еЉВеЄЄ(7301km/h), жЧ†ERA5"
1967209N16113,жЧ†ERA5
1967209N17139,"зЇђеЇ¶иґКзХМ, зїПеЇ¶иґКзХМ, йАЯеЇ¶еЉВеЄЄ(6882km/h), жЧ†ERA5"
1967215N20166,"зЇђеЇ¶иґКзХМ, жЧ†ERA5"
1967222N10145,жЧ†ERA5
1967227N19144,жЧ†ERA5
1967228N14132,жЧ†ERA5
1967229N21164,"зЇђеЇ¶иґКзХМ, жЧ†ERA5"
1967235N18144,жЧ†ERA5
1967237N15140,жЧ†ERA5
1967241N15170,жЧ†ERA5
1967246N21124,жЧ†ERA5
1967248N23168,"зЇђеЇ¶иґКзХМ, жЧ†ERA5"
1967252N11211,"зїПеЇ¶иґКзХМ, йАЯеЇ¶еЉВеЄЄ(12644km/h), жЧ†ERA5"
1967253N29167,"зЇђеЇ¶иґКзХМ, зїПеЇ¶иґКзХМ, йАЯеЇ¶еЉВеЄЄ(7913km/h), жЧ†ERA5"
1967256N18163,жЧ†ERA5
1967259N17145,"зЇђеЇ¶иґКзХМ, жЧ†ERA5"
1967268N06165,"зЇђеЇ¶иґКзХМ, зїПеЇ¶иґКзХМ, йАЯеЇ¶еЉВеЄЄ(9185km/h), жЧ†ERA5"
1967280N20150,жЧ†ERA5
1967283N11150,жЧ†ERA5
1967289N09149,"зЇђеЇ¶иґКзХМ, зїПеЇ¶иґКзХМ, йАЯеЇ¶еЉВеЄЄ(8112km/h), жЧ†ERA5"
1967303N07150,жЧ†ERA5
1967310N11129,жЧ†ERA5
1967311N09160,жЧ†ERA5
1967320N10171,жЧ†ERA5
1967350N10135,жЧ†ERA5
1968097N05157,"зЇђеЇ¶иґКзХМ, жЧ†ERA5"
1968149N10150,жЧ†ERA5
1968178N13156,жЧ†ERA5
1968201N13152,"зЇђеЇ¶иґКзХМ, жЧ†ERA5"
1968202N19133,жЧ†ERA5
1968203N18119,жЧ†ERA5
1968217N17163,"зЇђеЇ¶иґКзХМ, жЧ†ERA5"
1968218N15141,жЧ†ERA5
1968227N14145,жЧ†ERA5
1968235N20138,"зЇђеЇ¶иґКзХМ, зїПеЇ¶иґКзХМ, йАЯеЇ¶еЉВеЄЄ(9387km/h), жЧ†ERA5"
1968237N21177,"зЇђеЇ¶иґКзХМ, зїПеЇ¶иґКзХМ, йАЯеЇ¶еЉВеЄЄ(10791km/h), жЧ†ERA5"
1968240N11173,"зЇђеЇ¶иґКзХМ, зїПеЇ¶иґКзХМ, йАЯеЇ¶еЉВеЄЄ(8476km/h), жЧ†ERA5"
1968240N15151,жЧ†ERA5
1968243N23120,жЧ†ERA5
1968256N16148,жЧ†ERA5
1968259N16152,жЧ†ERA5
1968266N06142,жЧ†ERA5
1968275N13161,"зЇђеЇ¶иґКзХМ, жЧ†ERA5"
1968286N07142,жЧ†ERA5
1968290N14118,жЧ†ERA5
1968292N09165,"зїПеЇ¶иґКзХМ, йАЯеЇ¶еЉВеЄЄ(10132km/h), жЧ†ERA5"
1968295N09169,жЧ†ERA5
1968300N10166,"зїПеЇ¶иґКзХМ, йАЯеЇ¶еЉВеЄЄ(10998km/h), жЧ†ERA5"
1968311N08165,"зЇђеЇ¶иґКзХМ, зїПеЇ¶иґКзХМ, йАЯеЇ¶еЉВеЄЄ(9049km/h), жЧ†ERA5"
1968314N08138,жЧ†ERA5
1968320N07168,жЧ†ERA5
1968325N05168,жЧ†ERA5
1969016N07177,жЧ†ERA5
1969066N05170,жЧ†ERA5
1969105N06148,жЧ†ERA5
1969187N09131,жЧ†ERA5
1969201N04151,"зЇђеЇ¶иґКзХМ, жЧ†ERA5"
1969208N12145,жЧ†ERA5
1969213N21140,жЧ†ERA5
1969216N09143,жЧ†ERA5
1969225N10150,"зЇђеЇ¶иґКзХМ, жЧ†ERA5"
1969241N10127,"зїПеЇ¶иґКзХМ, жЧ†ERA5"
1969259N15165,"зЇђеЇ¶иґКзХМ, жЧ†ERA5"
1969270N13139,жЧ†ERA5
1969271N23163,жЧ†ERA5
1969279N11158,"зїПеЇ¶иґКзХМ, йАЯеЇ¶еЉВеЄЄ(10702km/h), жЧ†ERA5"
1969287N11150,"зїПеЇ¶иґКзХМ, йАЯеЇ¶еЉВеЄЄ(9592km/h), жЧ†ERA5"
1969299N10142,"зЇђеЇ¶иґКзХМ, зїПеЇ¶иґКзХМ, йАЯеЇ¶еЉВеЄЄ(7977km/h), жЧ†ERA5"
1969306N08156,"зїПеЇ¶иґКзХМ, йАЯеЇ¶еЉВеЄЄ(10797km/h), жЧ†ERA5"
1969328N09138,жЧ†ERA5
1969352N10146,жЧ†ERA5
1970050N07151,жЧ†ERA5
1970177N07142,жЧ†ERA5
1970178N07153,жЧ†ERA5
1970190N12140,"зЇђеЇ¶иґКзХМ, жЧ†ERA5"
1970200N24161,"зЇђеЇ¶иґКзХМ, жЧ†ERA5"
1970211N27183,"зЇђеЇ¶иґКзХМ, зїПеЇ¶иґКзХМ, йАЯеЇ¶еЉВеЄЄ(11849km/h), жЧ†ERA5"
1970215N21137,жЧ†ERA5
1970219N18140,"зЇђеЇ¶иґКзХМ, зїПеЇ¶иґКзХМ, йАЯеЇ¶еЉВеЄЄ(7779km/h), жЧ†ERA5"
1970225N12149,"зЇђеЇ¶иґКзХМ, жЧ†ERA5"
1970233N15138,жЧ†ERA5
1970237N28154,жЧ†ERA5
1970245N19131,жЧ†ERA5
1970246N14142,жЧ†ERA5
1970250N15140,жЧ†ERA5
1970262N13175,жЧ†ERA5
1970275N11112,жЧ†ERA5
1970282N08147,жЧ†ERA5
1970286N06143,"зЇђеЇ¶иґКзХМ, жЧ†ERA5"
1970296N07134,жЧ†ERA5
1970299N10157,жЧ†ERA5
1970305N10111,жЧ†ERA5
1970315N08128,жЧ†ERA5
1970318N13157,жЧ†ERA5
1970324N05143,"зїПеЇ¶иґКзХМ, жЧ†ERA5"
1971008N08143,жЧ†ERA5
1971074N06134,жЧ†ERA5
1971098N08142,жЧ†ERA5
1971112N11132,жЧ†ERA5
1971118N05155,жЧ†ERA5
1971122N14120,жЧ†ERA5
1971137N10129,жЧ†ERA5
1971141N07156,жЧ†ERA5
1971147N09139,жЧ†ERA5
1971160N10135,жЧ†ERA5
1971173N09136,жЧ†ERA5
1971181N09138,жЧ†ERA5
1971185N23137,"зЇђеЇ¶иґКзХМ, жЧ†ERA5"
1971189N12130,"зїПеЇ¶иґКзХМ, жЧ†ERA5"
1971190N09141,жЧ†ERA5
1971192N07153,жЧ†ERA5
1971195N24183,"зїПеЇ¶иґКзХМ, йАЯеЇ¶еЉВеЄЄ(12103km/h), жЧ†ERA5"
1971200N11144,жЧ†ERA5
1971205N10153,"зЇђеЇ¶иґКзХМ, жЧ†ERA5"
1971216N11143,"зЇђеЇ¶иґКзХМ, жЧ†ERA5"
1971218N08161,жЧ†ERA5
1971222N23155,"зЇђеЇ¶иґКзХМ, зїПеЇ¶иґКзХМ, йАЯеЇ¶еЉВеЄЄ(7433km/h), жЧ†ERA5"
1971231N24151,"зЇђеЇ¶иґКзХМ, жЧ†ERA5"
1971242N09135,"зЇђеЇ¶иґКзХМ, жЧ†ERA5"
1971246N22172,"зЇђеЇ¶иґКзХМ, жЧ†ERA5"
1971251N18127,жЧ†ERA5
1971258N20158,жЧ†ERA5
1971266N16145,жЧ†ERA5
1971267N12130,"зїПеЇ¶иґКзХМ, жЧ†ERA5"
1971274N06134,жЧ†ERA5
1971275N10176,жЧ†ERA5
1971281N16134,жЧ†ERA5
1971291N11134,жЧ†ERA5
1971311N06141,"зїПеЇ¶иґКзХМ, йАЯеЇ¶еЉВеЄЄ(11156km/h), жЧ†ERA5"
1971319N06108,"зЇђеЇ¶иґКзХМ, жЧ†ERA5"
1972004N10142,жЧ†ERA5
1972148N07168,"зЇђеЇ¶иґКзХМ, зїПеЇ¶иґКзХМ, йАЯеЇ¶еЉВеЄЄ(9712km/h), жЧ†ERA5"
1972152N09146,жЧ†ERA5
1972153N14117,жЧ†ERA5
1972174N11137,жЧ†ERA5
1972187N08161,"зЇђеЇ¶иґКзХМ, жЧ†ERA5"
1972187N09150,"зЇђеЇ¶иґКзХМ, жЧ†ERA5"
1972187N11126,жЧ†ERA5
1972189N11171,жЧ†ERA5
1972202N11165,жЧ†ERA5
1972210N07162,жЧ†ERA5
1972210N21132,жЧ†ERA5
1972221N11151,жЧ†ERA5
1972234N17128,жЧ†ERA5
1972238N24165,жЧ†ERA5
1972242N41163,"зЇђеЇ¶иґКзХМ, жЧ†ERA5"
1972244N12123,"зїПеЇ¶иґКзХМ, жЧ†ERA5"
1972251N12137,жЧ†ERA5
1972254N14145,жЧ†ERA5
1972255N15130,жЧ†ERA5
1972260N16152,жЧ†ERA5
1972271N15125,жЧ†ERA5
1972272N12167,"зЇђеЇ¶иґКзХМ, жЧ†ERA5"
1972278N14171,"зЇђеЇ¶иґКзХМ, жЧ†ERA5"
1972289N14173,жЧ†ERA5
1972295N07178,"зЇђеЇ¶иґКзХМ, жЧ†ERA5"
1972307N18144,жЧ†ERA5
1972316N05185,"зїПеЇ¶иґКзХМ, йАЯеЇ¶еЉВеЄЄ(12985km/h), жЧ†ERA5"
1972335N06142,жЧ†ERA5
1972335N08116,"зїПеЇ¶иґКзХМ, жЧ†ERA5"
1972347N06171,жЧ†ERA5
1973179N11128,жЧ†ERA5
1973184N11110,жЧ†ERA5
1973192N10129,"зЇђеЇ¶иґКзХМ, жЧ†ERA5"
1973193N13111,"зЇђеЇ¶иґКзХМ, жЧ†ERA5"
1973193N26164,жЧ†ERA5
1973197N20136,жЧ†ERA5
1973204N10141,жЧ†ERA5
1973217N19123,жЧ†ERA5
1973219N17142,"зЇђеЇ¶иґКзХМ, зїПеЇ¶иґКзХМ, йАЯеЇ¶еЉВеЄЄ(9050km/h), жЧ†ERA5"
1973220N23159,жЧ†ERA5
1973229N20134,жЧ†ERA5
1973232N17124,жЧ†ERA5
1973242N12136,жЧ†ERA5
1973253N14129,жЧ†ERA5
1973274N10136,жЧ†ERA5
1973277N11114,жЧ†ERA5
1973278N13144,жЧ†ERA5
1973284N12144,жЧ†ERA5
1973313N12116,жЧ†ERA5
1973317N08122,"зїПеЇ¶иґКзХМ, жЧ†ERA5"
1973320N05142,жЧ†ERA5
1974008N07132,жЧ†ERA5
1974072N08147,жЧ†ERA5
1974115N07150,"зЇђеЇ¶иґКзХМ, зїПеЇ¶иґКзХМ, йАЯеЇ¶еЉВеЄЄ(9109km/h), жЧ†ERA5"
1974121N09154,жЧ†ERA5
1974156N06144,жЧ†ERA5
1974163N08141,жЧ†ERA5
1974168N17147,жЧ†ERA5
1974177N17153,"зЇђеЇ¶иґКзХМ, жЧ†ERA5"
1974194N10151,жЧ†ERA5
1974196N16133,жЧ†ERA5
1974197N11147,жЧ†ERA5
1974203N21165,"зЇђеЇ¶иґКзХМ, зїПеЇ¶иґКзХМ, йАЯеЇ¶еЉВеЄЄ(8275km/h), жЧ†ERA5"
1974219N16117,жЧ†ERA5
1974222N15149,жЧ†ERA5
1974227N17126,жЧ†ERA5
1974236N18154,жЧ†ERA5
1974237N21117,жЧ†ERA5
1974245N24123,жЧ†ERA5
1974246N22117,жЧ†ERA5
1974254N23153,"зЇђеЇ¶иґКзХМ, жЧ†ERA5"
1974262N16146,жЧ†ERA5
1974264N18162,"зЇђеЇ¶иґКзХМ, жЧ†ERA5"
1974280N11143,жЧ†ERA5
1974286N11138,жЧ†ERA5
1974291N10150,жЧ†ERA5
1974296N14148,жЧ†ERA5
1974303N13130,жЧ†ERA5
1974306N07142,жЧ†ERA5
1974315N09135,жЧ†ERA5
1974324N08146,жЧ†ERA5
1974349N11126,жЧ†ERA5
1974352N09140,жЧ†ERA5
1975019N09140,жЧ†ERA5
1975205N18143,жЧ†ERA5
1975211N20137,жЧ†ERA5
1975221N18116,"зЇђеЇ¶иґКзХМ, йАЯеЇ¶еЉВеЄЄ(150km/h), жЧ†ERA5"
1975221N18127,жЧ†ERA5
1975223N14138,жЧ†ERA5
1975237N23154,жЧ†ERA5
1975244N17153,"зЇђеЇ¶иґКзХМ, жЧ†ERA5"
1975247N14131,жЧ†ERA5
1975251N23162,"зЇђеЇ¶иґКзХМ, жЧ†ERA5"
1975258N12132,"зїПеЇ¶иґКзХМ, жЧ†ERA5"
1975259N10141,жЧ†ERA5
1975273N09138,"зЇђеЇ¶иґКзХМ, зїПеЇ¶иґКзХМ, йАЯеЇ¶еЉВеЄЄ(8271km/h), жЧ†ERA5"
1975274N10116,жЧ†ERA5
1975281N10142,жЧ†ERA5
1975288N13138,жЧ†ERA5
1975296N24129,"зїПеЇ¶иґКзХМ, йАЯеЇ¶еЉВеЄЄ(9496km/h), жЧ†ERA5"
1975305N14125,жЧ†ERA5
1975309N11154,"зїПеЇ¶иґКзХМ, йАЯеЇ¶еЉВеЄЄ(10499km/h), жЧ†ERA5"
1975319N08146,"зЇђеЇ¶иґКзХМ, йАЯеЇ¶еЉВеЄЄ(152km/h), жЧ†ERA5"
1976026N02151,"зЇђеЇ¶иґКзХМ, жЧ†ERA5"
1976056N04163,"зЇђеЇ¶иґКзХМ, жЧ†ERA5"
1976092N11140,"зЇђеЇ¶иґКзХМ, зїПеЇ¶иґКзХМ, йАЯеЇ¶еЉВеЄЄ(9244km/h), жЧ†ERA5"
1976115N07163,жЧ†ERA5
1976131N12142,жЧ†ERA5
1976135N09153,"зЇђеЇ¶иґКзХМ, жЧ†ERA5"
1976172N11141,жЧ†ERA5
1976176N09148,"зЇђеЇ¶иґКзХМ, жЧ†ERA5"
1976190N09163,жЧ†ERA5
1976199N08149,жЧ†ERA5
1976202N15127,"зЇђеЇ¶иґКзХМ, жЧ†ERA5"
1976202N16118,жЧ†ERA5
1976213N08160,жЧ†ERA5
1976215N15118,жЧ†ERA5
1976230N18143,жЧ†ERA5
1976233N13136,жЧ†ERA5
1976246N09157,жЧ†ERA5
1976252N07159,жЧ†ERA5
1976257N15113,жЧ†ERA5
1976257N17156,"зЇђеЇ¶иґКзХМ, зїПеЇ¶иґКзХМ, йАЯеЇ¶еЉВеЄЄ(8443km/h), жЧ†ERA5"
1976262N14152,"зЇђеЇ¶иґКзХМ, жЧ†ERA5"
1976301N07153,"зЇђеЇ¶иґКзХМ, жЧ†ERA5"
1976309N05160,жЧ†ERA5
1976336N08133,жЧ†ERA5
1976343N15132,жЧ†ERA5
1977082N03165,"зЇђеЇ¶иґКзХМ, жЧ†ERA5"
1977161N06134,"зїПеЇ¶иґКзХМ, йАЯеЇ¶еЉВеЄЄ(9997km/h), жЧ†ERA5"
1977194N06142,"зїПеЇ¶иґКзХМ, жЧ†ERA5"
1977200N10138,жЧ†ERA5
1977206N24137,жЧ†ERA5
1977211N20138,"зЇђеЇ¶иґКзХМ, жЧ†ERA5"
1977228N19133,жЧ†ERA5
1977243N05156,"зЇђеЇ¶иґКзХМ, жЧ†ERA5"
1977243N14129,жЧ†ERA5
1977254N19147,жЧ†ERA5
1977255N15145,"зЇђеЇ¶иґКзХМ, жЧ†ERA5"
1977264N14133,жЧ†ERA5
1977276N16155,жЧ†ERA5
1977287N10145,жЧ†ERA5
1977291N07148,"зЇђеЇ¶иґКзХМ, зїПеЇ¶иґКзХМ, йАЯеЇ¶еЉВеЄЄ(9168km/h), жЧ†ERA5"
1977300N15162,жЧ†ERA5
1977308N07156,жЧ†ERA5
1977330N07169,жЧ†ERA5
1977352N05171,"зЇђеЇ¶иґКзХМ, йАЯеЇ¶еЉВеЄЄ(2332km/h), жЧ†ERA5"
1978006N06169,"зїПеЇ¶иґКзХМ, йАЯеЇ¶еЉВеЄЄ(12166km/h), жЧ†ERA5"
1978105N04149,"зЇђеЇ¶иґКзХМ, жЧ†ERA5"
1978165N20138,"зЇђеЇ¶иґКзХМ, жЧ†ERA5"
1978172N17130,жЧ†ERA5
1978177N11130,жЧ†ERA5
1978192N19154,жЧ†ERA5
1978203N14152,"зЇђеЇ¶иґКзХМ, жЧ†ERA5"
1978203N18114,жЧ†ERA5
1978203N18139,"зЇђеЇ¶иґКзХМ, жЧ†ERA5"
1978217N16129,"зїПеЇ¶иґКзХМ, жЧ†ERA5"
1978221N16143,жЧ†ERA5
1978222N11131,жЧ†ERA5
1978230N09136,жЧ†ERA5
1978237N06160,жЧ†ERA5
1978240N20130,жЧ†ERA5
1978240N27151,жЧ†ERA5
1978252N18166,жЧ†ERA5
1978253N21124,жЧ†ERA5
1978262N14135,"зїПеЇ¶иґКзХМ, жЧ†ERA5"
1978264N08147,жЧ†ERA5
1978272N19154,жЧ†ERA5
1978279N14142,жЧ†ERA5
1978281N11138,"зїПеЇ¶иґКзХМ, йАЯеЇ¶еЉВеЄЄ(9637km/h), жЧ†ERA5"
1978287N08166,"зЇђеЇ¶иґКзХМ, жЧ†ERA5"
1978288N10185,"зїПеЇ¶иґКзХМ, йАЯеЇ¶еЉВеЄЄ(13141km/h), жЧ†ERA5"
1978304N14148,"зЇђеЇ¶иґКзХМ, жЧ†ERA5"
1978320N04155,"зЇђеЇ¶иґКзХМ, жЧ†ERA5"
1978330N09148,жЧ†ERA5
1978361N02180,"зЇђеЇ¶иґКзХМ, жЧ†ERA5"
1979077N07150,жЧ†ERA5
1979098N02144,"зЇђеЇ¶иґКзХМ, жЧ†ERA5"
1979126N04148,"зЇђеЇ¶иґКзХМ, жЧ†ERA5"
1979174N07143,жЧ†ERA5
1979180N03155,"зЇђеЇ¶иґКзХМ, жЧ†ERA5"
1979205N10148,"зїПеЇ¶иґКзХМ, жЧ†ERA5"
1979206N19132,жЧ†ERA5
1979219N15138,"зЇђеЇ¶иґКзХМ, жЧ†ERA5"
1979228N11151,жЧ†ERA5
1979242N22143,"зЇђеЇ¶иґКзХМ, жЧ†ERA5"
1979243N19154,жЧ†ERA5
1979254N10140,жЧ†ERA5
1979258N10120,жЧ†ERA5
1979262N15149,"зЇђеЇ¶иґКзХМ, жЧ†ERA5"
1979266N18150,жЧ†ERA5
1979271N13113,жЧ†ERA5
1979273N11145,жЧ†ERA5
1979275N06159,"зЇђеЇ¶иґКзХМ, зїПеЇ¶иґКзХМ, йАЯеЇ¶еЉВеЄЄ(7758km/h), жЧ†ERA5"
1979300N04166,"зЇђеЇ¶иґКзХМ, жЧ†ERA5"
1979311N10142,жЧ†ERA5
1979333N07169,жЧ†ERA5
1979350N07153,жЧ†ERA5
1980094N02179,"зЇђеЇ¶иґКзХМ, зїПеЇ¶иґКзХМ, йАЯеЇ¶еЉВеЄЄ(13283km/h), жЧ†ERA5"
1980126N08150,жЧ†ERA5
1980133N07149,"зЇђеЇ¶иґКзХМ, зїПеЇ¶иґКзХМ, йАЯеЇ¶еЉВеЄЄ(8690km/h), жЧ†ERA5"
1980137N04158,"зЇђеЇ¶иґКзХМ, жЧ†ERA5"
1980140N16116,жЧ†ERA5
1980171N06142,жЧ†ERA5
1980187N09146,жЧ†ERA5
1980197N07154,жЧ†ERA5
1980201N08155,жЧ†ERA5
1980208N23153,"зЇђеЇ¶иґКзХМ, жЧ†ERA5"
1980219N15165,"зЇђеЇ¶иґКзХМ, жЧ†ERA5"
1980236N15144,жЧ†ERA5
1980246N05151,"зЇђеЇ¶иґКзХМ, жЧ†ERA5"
1980254N14112,жЧ†ERA5
1980256N10154,жЧ†ERA5
1980257N17133,жЧ†ERA5
1980269N15147,"зЇђеЇ¶иґКзХМ, зїПеЇ¶иґКзХМ, йАЯеЇ¶еЉВеЄЄ(8495km/h), жЧ†ERA5"
1980270N13165,"зЇђеЇ¶иґКзХМ, зїПеЇ¶иґКзХМ, йАЯеЇ¶еЉВеЄЄ(8678km/h), жЧ†ERA5"
1980277N09157,жЧ†ERA5
1980282N19162,жЧ†ERA5
1980296N05165,"зЇђеЇ¶иґКзХМ, жЧ†ERA5"
1980300N08137,жЧ†ERA5
1980323N04180,"зЇђеЇ¶иґКзХМ, зїПеЇ¶иґКзХМ, йАЯеЇ¶еЉВеЄЄ(13231km/h), жЧ†ERA5"
1980349N10138,жЧ†ERA5
1981070N03173,"зЇђеЇ¶иґКзХМ, жЧ†ERA5"
1981102N04162,"зЇђеЇ¶иґКзХМ, жЧ†ERA5"
1981118N04164,"зЇђеЇ¶иґКзХМ, жЧ†ERA5"
1981158N17119,жЧ†ERA5
1981166N11135,"зЇђеЇ¶иґКзХМ, жЧ†ERA5"
1981176N08150,жЧ†ERA5
1981178N05160,"зЇђеЇ¶иґКзХМ, жЧ†ERA5"
1981195N11138,жЧ†ERA5
1981202N24123,жЧ†ERA5
1981207N22150,жЧ†ERA5
1981212N17142,"зЇђеЇ¶иґКзХМ, жЧ†ERA5"
1981214N13113,жЧ†ERA5
1981218N20168,"зЇђеЇ¶иґКзХМ, жЧ†ERA5"
1981226N16119,жЧ†ERA5
1981226N17142,"зЇђеЇ¶иґКзХМ, жЧ†ERA5"
1981227N18129,"зЇђеЇ¶иґКзХМ, жЧ†ERA5"
1981237N16148,"зЇђеЇ¶иґКзХМ, жЧ†ERA5"
1981245N23161,"зЇђеЇ¶иґКзХМ, зїПеЇ¶иґКзХМ, йАЯеЇ¶еЉВеЄЄ(9105km/h), жЧ†ERA5"
1981256N10150,"зЇђеЇ¶иґКзХМ, жЧ†ERA5"
1981261N25174,жЧ†ERA5
1981266N09151,"зЇђеЇ¶иґКзХМ, жЧ†ERA5"
1981283N07132,"зїПеЇ¶иґКзХМ, жЧ†ERA5"
1981286N10150,"зЇђеЇ¶иґКзХМ, жЧ†ERA5"
1981317N14153,жЧ†ERA5
1981319N07163,жЧ†ERA5
1981324N08158,жЧ†ERA5
1981343N05150,жЧ†ERA5
1981355N07149,жЧ†ERA5
1982073N07153,жЧ†ERA5
1982077N04161,"зЇђеЇ¶иґКзХМ, жЧ†ERA5"
1982087N04157,"зЇђеЇ¶иґКзХМ, жЧ†ERA5"
1982136N08140,жЧ†ERA5
1982169N09149,жЧ†ERA5
1982176N18114,жЧ†ERA5
1982179N19128,жЧ†ERA5
1982190N09148,жЧ†ERA5
1982202N11165,жЧ†ERA5
1982202N12148,жЧ†ERA5
1982213N13145,жЧ†ERA5
1982220N08154,жЧ†ERA5
1982227N09140,жЧ†ERA5
1982229N09154,"зЇђеЇ¶иґКзХМ, жЧ†ERA5"
1982238N10161,"зЇђеЇ¶иґКзХМ, зїПеЇ¶иґКзХМ, йАЯеЇ¶еЉВеЄЄ(8487km/h), жЧ†ERA5"
1982246N16119,жЧ†ERA5
1982247N11147,"зЇђеЇ¶иґКзХМ, зїПеЇ¶иґКзХМ, йАЯеЇ¶еЉВеЄЄ(9153km/h), жЧ†ERA5"
1982248N14133,жЧ†ERA5
1982257N17140,"зЇђеЇ¶иґКзХМ, жЧ†ERA5"
1982257N20172,"зїПеЇ¶иґКзХМ, йАЯеЇ¶еЉВеЄЄ(10274km/h), жЧ†ERA5"
1982272N11156,жЧ†ERA5
1982283N17148,жЧ†ERA5
1982286N09170,жЧ†ERA5
1982325N08176,жЧ†ERA5
1982339N07139,жЧ†ERA5
1983167N05145,"зЇђеЇ¶иґКзХМ, жЧ†ERA5"
1983186N04153,"зЇђеЇ¶иґКзХМ, жЧ†ERA5"
1983188N06136,жЧ†ERA5
1983201N08144,жЧ†ERA5
1983212N06151,жЧ†ERA5
1983220N16111,жЧ†ERA5
1983223N23143,жЧ†ERA5
1983229N15140,жЧ†ERA5
1983239N10183,"зїПеЇ¶иґКзХМ, йАЯеЇ¶еЉВеЄЄ(13063km/h), жЧ†ERA5"
1983259N08161,"зЇђеЇ¶иґКзХМ, жЧ†ERA5"
1983271N18118,жЧ†ERA5
1983276N06130,"зїПеЇ¶иґКзХМ, жЧ†ERA5"
1983279N04140,"зЇђеЇ¶иґКзХМ, жЧ†ERA5"
1983279N17148,"зЇђеЇ¶иґКзХМ, зїПеЇ¶иґКзХМ, йАЯеЇ¶еЉВеЄЄ(9142km/h), жЧ†ERA5"
1983282N09155,"зЇђеЇ¶иґКзХМ, зїПеЇ¶иґКзХМ, жЧ†ERA5"
1983287N09164,"зЇђеЇ¶иґКзХМ, жЧ†ERA5"
1983299N07172,"зЇђеЇ¶иґКзХМ, зїПеЇ¶иґКзХМ, йАЯеЇ¶еЉВеЄЄ(10196km/h), жЧ†ERA5"
1983311N15161,жЧ†ERA5
1983317N12153,жЧ†ERA5
1983321N11111,жЧ†ERA5
1983325N08148,жЧ†ERA5
1983334N09142,жЧ†ERA5
1983347N06154,жЧ†ERA5
1984159N12116,жЧ†ERA5
1984169N20137,"зїПеЇ¶иґКзХМ, жЧ†ERA5"
1984180N16130,жЧ†ERA5
1984184N06139,жЧ†ERA5
1984186N16154,жЧ†ERA5
1984204N21162,"зїПеЇ¶иґКзХМ, йАЯеЇ¶еЉВеЄЄ(9720km/h), жЧ†ERA5"
1984207N29135,жЧ†ERA5
1984214N12143,"зЇђеЇ¶иґКзХМ, жЧ†ERA5"
1984225N18142,жЧ†ERA5
1984227N18118,жЧ†ERA5
1984238N18137,жЧ†ERA5
1984239N08146,жЧ†ERA5
1984255N25173,жЧ†ERA5
1984267N18120,жЧ†ERA5
1984270N19141,жЧ†ERA5
1984270N22147,жЧ†ERA5
1984277N07151,"зїПеЇ¶иґКзХМ, йАЯеЇ¶еЉВеЄЄ(10271km/h), жЧ†ERA5"
1984281N13146,жЧ†ERA5
1984283N09139,жЧ†ERA5
1984284N11116,жЧ†ERA5
1984290N06153,"зЇђеЇ¶иґКзХМ, жЧ†ERA5"
1984291N13130,жЧ†ERA5
1984294N04163,"зЇђеЇ¶иґКзХМ, зїПеЇ¶иґКзХМ, йАЯеЇ¶еЉВеЄЄ(9240km/h), жЧ†ERA5"
1984302N00149,"зЇђеЇ¶иґКзХМ, жЧ†ERA5"
1984313N14154,жЧ†ERA5
1984317N04164,"зЇђеЇ¶иґКзХМ, жЧ†ERA5"
1984336N05156,"зЇђеЇ¶иґКзХМ, жЧ†ERA5"
1985004N04131,"зЇђеЇ¶иґКзХМ, жЧ†ERA5"
1985005N04157,"зЇђеЇ¶иґКзХМ, жЧ†ERA5"
1985136N07129,жЧ†ERA5
1985162N05154,"зЇђеЇ¶иґКзХМ, жЧ†ERA5"
1985168N05156,"зЇђеЇ¶иґКзХМ, жЧ†ERA5"
1985199N08143,"зЇђеЇ¶иґКзХМ, жЧ†ERA5"
1985212N22148,"зЇђеЇ¶иґКзХМ, жЧ†ERA5"
1985220N18128,"зЇђеЇ¶иґКзХМ, жЧ†ERA5"
1985226N23126,"зЇђеЇ¶иґКзХМ, жЧ†ERA5"
1985227N16149,жЧ†ERA5
1985231N16142,жЧ†ERA5
1985236N23125,жЧ†ERA5
1985237N21130,"зЇђеЇ¶иґКзХМ, жЧ†ERA5"
1985240N08148,жЧ†ERA5
1985240N09198,"зїПеЇ¶иґКзХМ, йАЯеЇ¶еЉВеЄЄ(12953km/h), жЧ†ERA5"
1985256N13146,жЧ†ERA5
1985260N13115,жЧ†ERA5
1985268N03161,"зЇђеЇ¶иґКзХМ, жЧ†ERA5"
1985268N16126,жЧ†ERA5
1985281N02144,"зЇђеЇ¶иґКзХМ, зїПеЇ¶иґКзХМ, жЧ†ERA5"
1985284N05159,"зїПеЇ¶иґКзХМ, жЧ†ERA5"
1985286N05162,жЧ†ERA5
1985294N10122,жЧ†ERA5
1985323N05107,жЧ†ERA5
1985347N07155,жЧ†ERA5
1985347N09114,жЧ†ERA5
1986029N04152,"зЇђеЇ¶иґКзХМ, жЧ†ERA5"
1986112N02152,"зЇђеЇ¶иґКзХМ, жЧ†ERA5"
1986134N08149,"зЇђеЇ¶иґКзХМ, жЧ†ERA5"
1986136N18114,жЧ†ERA5
1986169N07152,жЧ†ERA5
1986172N04161,"зЇђеЇ¶иґКзХМ, жЧ†ERA5"
1986179N11175,жЧ†ERA5
1986190N11162,жЧ†ERA5
1986209N13139,жЧ†ERA5
1986214N09234,"зїПеЇ¶иґКзХМ, йАЯеЇ¶еЉВеЄЄ(12952km/h), жЧ†ERA5"
1986221N17163,"зЇђеЇ¶иґКзХМ, жЧ†ERA5"
1986225N17134,"зЇђеЇ¶иґКзХМ, жЧ†ERA5"
1986228N19120,"зїПеЇ¶иґКзХМ, жЧ†ERA5"
1986252N06153,"зЇђеЇ¶иґКзХМ, жЧ†ERA5"
1986259N07170,жЧ†ERA5
1986270N05178,"зЇђеЇ¶иґКзХМ, жЧ†ERA5"
1986275N10134,жЧ†ERA5
1986276N07177,"зЇђеЇ¶иґКзХМ, жЧ†ERA5"
1986283N10179,жЧ†ERA5
1986287N09141,жЧ†ERA5
1986302N05178,"зЇђеЇ¶иґКзХМ, жЧ†ERA5"
1986309N07162,"зЇђеЇ¶иґКзХМ, жЧ†ERA5"
1986316N06146,жЧ†ERA5
1986330N05173,жЧ†ERA5
1986333N04179,"зЇђеЇ¶иґКзХМ, жЧ†ERA5"
1986343N05176,"зЇђеЇ¶иґКзХМ, жЧ†ERA5"
1986353N03178,"зЇђеЇ¶иґКзХМ, йАЯеЇ¶еЉВеЄЄ(2287km/h), жЧ†ERA5"
1987007N06162,жЧ†ERA5
1987093N05155,жЧ†ERA5
1987168N17118,жЧ†ERA5
1987176N10150,жЧ†ERA5
1987188N10151,"зЇђеЇ¶иґКзХМ, жЧ†ERA5"
1987196N09146,жЧ†ERA5
1987200N04191,"зЇђеЇ¶иґКзХМ, зїПеЇ¶иґКзХМ, йАЯеЇ¶еЉВеЄЄ(13246km/h), жЧ†ERA5"
1987202N09144,жЧ†ERA5
1987219N08134,"зїПеЇ¶иґКзХМ, жЧ†ERA5"
1987219N08155,"зїПеЇ¶иґКзХМ, жЧ†ERA5"
1987231N10159,"зЇђеЇ¶иґКзХМ, жЧ†ERA5"
1987232N07173,жЧ†ERA5
1987244N11177,жЧ†ERA5
1987245N15133,жЧ†ERA5
1987247N09150,"зЇђеЇ¶иґКзХМ, жЧ†ERA5"
1987264N10190,"зїПеЇ¶иґКзХМ, йАЯеЇ¶еЉВеЄЄ(12158km/h), жЧ†ERA5"
1987266N16148,"зЇђеЇ¶иґКзХМ, жЧ†ERA5"
1987270N15160,жЧ†ERA5
1987282N12137,"зЇђеЇ¶иґКзХМ, жЧ†ERA5"
1987288N13168,жЧ†ERA5
1987311N10148,жЧ†ERA5
1987320N03171,"зЇђеЇ¶иґКзХМ, жЧ†ERA5"
1987325N13126,жЧ†ERA5
1987343N05154,жЧ†ERA5
1988005N03174,"зЇђеЇ¶иґКзХМ, жЧ†ERA5"
1988150N19119,жЧ†ERA5
1988170N05141,жЧ†ERA5
1988177N07137,жЧ†ERA5
1988193N09149,жЧ†ERA5
1988208N27135,"зЇђеЇ¶иґКзХМ, жЧ†ERA5"
1988218N21128,жЧ†ERA5
1988219N27175,"зЇђеЇ¶иґКзХМ, жЧ†ERA5"
1988226N22173,жЧ†ERA5
1988237N23154,"зЇђеЇ¶иґКзХМ, жЧ†ERA5"
1988237N30143,"зЇђеЇ¶иґКзХМ, жЧ†ERA5"
1988242N12215,"зїПеЇ¶иґКзХМ, йАЯеЇ¶еЉВеЄЄ(12039km/h), жЧ†ERA5"
1988246N26133,жЧ†ERA5
1988249N18163,"зЇђеЇ¶иґКзХМ, жЧ†ERA5"
1988255N15132,жЧ†ERA5
1988255N21159,жЧ†ERA5
1988260N15157,жЧ†ERA5
1988263N15126,жЧ†ERA5
1988263N18115,жЧ†ERA5
1988274N12142,"зЇђеЇ¶иґКзХМ, жЧ†ERA5"
1988282N17153,жЧ†ERA5
1988290N08145,жЧ†ERA5
1988295N10138,жЧ†ERA5
1988307N09131,жЧ†ERA5
1988308N09140,жЧ†ERA5
1988356N05142,жЧ†ERA5
1989010N16212,"зїПеЇ¶иґКзХМ, йАЯеЇ¶еЉВеЄЄ(12409km/h), жЧ†ERA5"
1989103N07154,жЧ†ERA5
1989134N07138,жЧ†ERA5
1989142N11114,жЧ†ERA5
1989153N04144,"зЇђеЇ¶иґКзХМ, жЧ†ERA5"
1989169N16142,жЧ†ERA5
1989187N15132,жЧ†ERA5
1989190N20160,жЧ†ERA5
1989194N13149,жЧ†ERA5
1989199N05139,жЧ†ERA5
1989201N11145,жЧ†ERA5
1989209N22130,жЧ†ERA5
1989211N24153,"зЇђеЇ¶иґКзХМ, зїПеЇ¶иґКзХМ, йАЯеЇ¶еЉВеЄЄ(7562km/h), жЧ†ERA5"
1989216N06159,"зЇђеЇ¶иґКзХМ, жЧ†ERA5"
1989221N10149,"зЇђеЇ¶иґКзХМ, жЧ†ERA5"
1989227N16145,жЧ†ERA5
1989235N26122,"зЇђеЇ¶иґКзХМ, зїПеЇ¶иґКзХМ, йАЯеЇ¶еЉВеЄЄ(9693km/h), жЧ†ERA5"
1989246N16159,жЧ†ERA5
1989250N17148,"зЇђеЇ¶иґКзХМ, зїПеЇ¶иґКзХМ, йАЯеЇ¶еЉВеЄЄ(8194km/h), жЧ†ERA5"
1989254N17145,"зЇђеЇ¶иґКзХМ, зїПеЇ¶иґКзХМ, йАЯеЇ¶еЉВеЄЄ(8809km/h), жЧ†ERA5"
1989259N20126,жЧ†ERA5
1989271N12142,жЧ†ERA5
1989271N14168,"зЇђеЇ¶иґКзХМ, жЧ†ERA5"
1989272N18120,жЧ†ERA5
1989279N07151,жЧ†ERA5
1989286N14137,жЧ†ERA5
1989291N05158,"зЇђеЇ¶иґКзХМ, зїПеЇ¶иґКзХМ, йАЯеЇ¶еЉВеЄЄ(8787km/h), жЧ†ERA5"
1989305N07105,"зїПеЇ¶иґКзХМ, жЧ†ERA5"
1989314N10152,жЧ†ERA5
1989324N17174,жЧ†ERA5
1989354N05155,"зЇђеЇ¶иґКзХМ, жЧ†ERA5"
1990008N01172,"зЇђеЇ¶иґКзХМ, жЧ†ERA5"
1990117N04152,"зЇђеЇ¶иґКзХМ, жЧ†ERA5"
1990129N05138,"зЇђеЇ¶иґКзХМ, жЧ†ERA5"
1990163N08133,жЧ†ERA5
1990166N06141,жЧ†ERA5
1990171N11148,жЧ†ERA5
1990180N09159,жЧ†ERA5
1990202N13130,жЧ†ERA5
1990205N16141,"зЇђеЇ¶иґКзХМ, зїПеЇ¶иґКзХМ, йАЯеЇ¶еЉВеЄЄ(6837km/h), жЧ†ERA5"
1990208N18132,"зЇђеЇ¶иґКзХМ, зїПеЇ¶иґКзХМ, йАЯеЇ¶еЉВеЄЄ(8698km/h), жЧ†ERA5"
1990216N29125,"зЇђеЇ¶иґКзХМ, жЧ†ERA5"
1990219N10214,"зїПеЇ¶иґКзХМ, йАЯеЇ¶еЉВеЄЄ(12845km/h), жЧ†ERA5"
1990221N07162,жЧ†ERA5
1990228N15141,жЧ†ERA5
1990232N13141,жЧ†ERA5
1990235N10152,жЧ†ERA5
1990245N16149,жЧ†ERA5
1990250N13157,жЧ†ERA5
1990251N06171,"зЇђеЇ¶иґКзХМ, зїПеЇ¶иґКзХМ, йАЯеЇ¶еЉВеЄЄ(8995km/h), жЧ†ERA5"
1990261N12141,жЧ†ERA5
1990271N13153,жЧ†ERA5
1990272N11121,"зїПеЇ¶иґКзХМ, жЧ†ERA5"
1990283N15129,жЧ†ERA5
1990287N13156,"зЇђеЇ¶иґКзХМ, жЧ†ERA5"
1990288N15118,жЧ†ERA5
1990309N08167,"зЇђеЇ¶иґКзХМ, жЧ†ERA5"
1990310N07152,жЧ†ERA5
1990312N12121,жЧ†ERA5
1990319N07197,"зїПеЇ¶иґКзХМ, йАЯеЇ¶еЉВеЄЄ(13145km/h), жЧ†ERA5"
1990347N05173,"зЇђеЇ¶иґКзХМ, жЧ†ERA5"
1991062N04156,"зЇђеЇ¶иґКзХМ, жЧ†ERA5"
1991077N03165,"зЇђеЇ¶иґКзХМ, жЧ†ERA5"
1991111N04145,"зЇђеЇ¶иґКзХМ, жЧ†ERA5"
1991124N05152,"зЇђеЇ¶иґКзХМ, жЧ†ERA5"
1991163N11128,жЧ†ERA5
1991187N06139,жЧ†ERA5
1991194N11147,жЧ†ERA5
1991196N06153,жЧ†ERA5
1991197N09248,"зїПеЇ¶иґКзХМ, йАЯеЇ¶еЉВеЄЄ(11580km/h), жЧ†ERA5"
1991200N05157,жЧ†ERA5
1991207N20105,жЧ†ERA5
1991219N25165,жЧ†ERA5
1991220N10133,жЧ†ERA5
1991220N20160,жЧ†ERA5
1991226N18159,жЧ†ERA5
1991239N20133,"зЇђеЇ¶иґКзХМ, зїПеЇ¶иґКзХМ, йАЯеЇ¶еЉВеЄЄ(9088km/h), жЧ†ERA5"
1991243N05172,"зЇђеЇ¶иґКзХМ, зїПеЇ¶иґКзХМ, йАЯеЇ¶еЉВеЄЄ(9219km/h), жЧ†ERA5"
1991244N19126,жЧ†ERA5
1991251N12138,"зїПеЇ¶иґКзХМ, йАЯеЇ¶еЉВеЄЄ(10005km/h), жЧ†ERA5"
1991256N13171,"зЇђеЇ¶иґКзХМ, зїПеЇ¶иґКзХМ, йАЯеЇ¶еЉВеЄЄ(7818km/h), жЧ†ERA5"
1991256N14148,"зЇђеЇ¶иґКзХМ, зїПеЇ¶иґКзХМ, йАЯеЇ¶еЉВеЄЄ(9021km/h), жЧ†ERA5"
1991257N16130,жЧ†ERA5
1991274N08164,"зЇђеЇ¶иґКзХМ, жЧ†ERA5"
1991274N14149,"зЇђеЇ¶иґКзХМ, зїПеЇ¶иґКзХМ, йАЯеЇ¶еЉВеЄЄ(7681km/h), жЧ†ERA5"
1991289N06156,жЧ†ERA5
1991301N08173,жЧ†ERA5
1991304N08140,жЧ†ERA5
1991307N06177,жЧ†ERA5
1991317N09141,жЧ†ERA5
1991320N06171,"зЇђеЇ¶иґКзХМ, зїПеЇ¶иґКзХМ, йАЯеЇ¶еЉВеЄЄ(9994km/h), жЧ†ERA5"
1991329N04181,"зЇђеЇ¶иґКзХМ, зїПеЇ¶иґКзХМ, йАЯеЇ¶еЉВеЄЄ(13268km/h), жЧ†ERA5"
1992003N03176,"зЇђеЇ¶иґКзХМ, жЧ†ERA5"
1992027N05206,"зЇђеЇ¶иґКзХМ, зїПеЇ¶иґКзХМ, йАЯеЇ¶еЉВеЄЄ(13105km/h), жЧ†ERA5"
1992172N07144,"зЇђеЇ¶иґКзХМ, зїПеЇ¶иґКзХМ, йАЯеЇ¶еЉВеЄЄ(9217km/h), жЧ†ERA5"
1992174N13126,жЧ†ERA5
1992176N06145,жЧ†ERA5
1992188N07156,"зїПеЇ¶иґКзХМ, жЧ†ERA5"
1992194N07140,жЧ†ERA5
1992198N13135,"зїПеЇ¶иґКзХМ, жЧ†ERA5"
1992206N25161,"зЇђеЇ¶иґКзХМ, жЧ†ERA5"
1992212N05154,"зЇђеЇ¶иґКзХМ, зїПеЇ¶иґКзХМ, йАЯеЇ¶еЉВеЄЄ(7424km/h), жЧ†ERA5"
1992212N20135,жЧ†ERA5
1992216N06182,"зїПеЇ¶иґКзХМ, йАЯеЇ¶еЉВеЄЄ(13211km/h), жЧ†ERA5"
1992227N13130,"зїПеЇ¶иґКзХМ, йАЯеЇ¶еЉВеЄЄ(9793km/h), жЧ†ERA5"
1992227N17112,жЧ†ERA5
1992229N24162,"зїПеЇ¶иґКзХМ, йАЯеЇ¶еЉВеЄЄ(10022km/h), жЧ†ERA5"
1992236N07159,жЧ†ERA5
1992237N14144,жЧ†ERA5
1992242N13166,"зЇђеЇ¶иґКзХМ, жЧ†ERA5"
1992248N19166,"зїПеЇ¶иґКзХМ, йАЯеЇ¶еЉВеЄЄ(9656km/h), жЧ†ERA5"
1992259N11159,"зЇђеЇ¶иґКзХМ, жЧ†ERA5"
1992263N05175,"зЇђеЇ¶иґКзХМ, зїПеЇ¶иґКзХМ, йАЯеЇ¶еЉВеЄЄ(7206km/h), жЧ†ERA5"
1992268N11193,"зЇђеЇ¶иґКзХМ, зїПеЇ¶иґКзХМ, йАЯеЇ¶еЉВеЄЄ(12857km/h), жЧ†ERA5"
1992277N16140,жЧ†ERA5
1992279N08175,жЧ†ERA5
1992286N12115,жЧ†ERA5
1992289N08135,жЧ†ERA5
1992289N09171,жЧ†ERA5
1992298N10188,"зїПеЇ¶иґКзХМ, йАЯеЇ¶еЉВеЄЄ(13029km/h), жЧ†ERA5"
1992302N06150,жЧ†ERA5
1992314N08141,"зїПеЇ¶иґКзХМ, жЧ†ERA5"
1992318N06182,"зЇђеЇ¶иґКзХМ, зїПеЇ¶иґКзХМ, йАЯеЇ¶еЉВеЄЄ(13226km/h), жЧ†ERA5"
1992318N11160,"зЇђеЇ¶иґКзХМ, зїПеЇ¶иґКзХМ, йАЯеЇ¶еЉВеЄЄ(8933km/h), жЧ†ERA5"
1993064N03174,"зЇђеЇ¶иґКзХМ, жЧ†ERA5"
1993134N04160,"зЇђеЇ¶иґКзХМ, жЧ†ERA5"
1993164N04160,"зЇђеЇ¶иґКзХМ, жЧ†ERA5"
1993185N09137,жЧ†ERA5
1993193N08144,жЧ†ERA5
1993199N10156,жЧ†ERA5
1993205N15137,жЧ†ERA5
1993207N19130,жЧ†ERA5
1993211N07161,жЧ†ERA5
1993215N08154,жЧ†ERA5
1993221N12216,"зїПеЇ¶иґКзХМ, йАЯеЇ¶еЉВеЄЄ(12488km/h), жЧ†ERA5"
1993224N07153,жЧ†ERA5
1993229N10159,"зЇђеЇ¶иґКзХМ, жЧ†ERA5"
1993231N09134,жЧ†ERA5
1993240N17142,жЧ†ERA5
1993246N16129,"зЇђеЇ¶иґКзХМ, зїПеЇ¶иґКзХМ, йАЯеЇ¶еЉВеЄЄ(6751km/h), жЧ†ERA5"
1993250N17119,жЧ†ERA5
1993253N06150,жЧ†ERA5
1993261N11131,жЧ†ERA5
1993263N11168,"зЇђеЇ¶иґКзХМ, зїПеЇ¶иґКзХМ, йАЯеЇ¶еЉВеЄЄ(8333km/h), жЧ†ERA5"
1993270N07153,жЧ†ERA5
1993271N14134,"зЇђеЇ¶иґКзХМ, зїПеЇ¶иґКзХМ, йАЯеЇ¶еЉВеЄЄ(8364km/h), жЧ†ERA5"
1993275N04159,"зЇђеЇ¶иґКзХМ, жЧ†ERA5"
1993285N12192,"зїПеЇ¶иґКзХМ, йАЯеЇ¶еЉВеЄЄ(13030km/h), жЧ†ERA5"
1993298N11154,жЧ†ERA5
1993306N10168,жЧ†ERA5
1993322N09137,жЧ†ERA5
1993331N05172,жЧ†ERA5
1993336N05164,"зїПеЇ¶иґКзХМ, жЧ†ERA5"
1993353N05159,"зЇђеЇ¶иґКзХМ, йАЯеЇ¶еЉВеЄЄ(1720km/h), жЧ†ERA5"
1994088N09148,жЧ†ERA5
1994128N04155,"зЇђеЇ¶иґКзХМ, зїПеЇ¶иґКзХМ, йАЯеЇ¶еЉВеЄЄ(7954km/h), жЧ†ERA5"
1994153N19113,жЧ†ERA5
1994169N06152,жЧ†ERA5
1994186N09139,жЧ†ERA5
1994189N16117,жЧ†ERA5
1994191N08141,"зЇђеЇ¶иґКзХМ, жЧ†ERA5"
1994192N05139,жЧ†ERA5
1994197N14115,жЧ†ERA5
1994206N14131,жЧ†ERA5
1994206N22107,"зїПеЇ¶иґКзХМ, жЧ†ERA5"
1994210N16144,жЧ†ERA5
1994211N12152,жЧ†ERA5
1994212N11240,"зїПеЇ¶иґКзХМ, йАЯеЇ¶еЉВеЄЄ(12978km/h), жЧ†ERA5"
1994215N30149,"зЇђеЇ¶иґКзХМ, жЧ†ERA5"
1994222N11267,"зїПеЇ¶иґКзХМ, йАЯеЇ¶еЉВеЄЄ(12364km/h), жЧ†ERA5"
1994224N20152,жЧ†ERA5
1994231N12157,жЧ†ERA5
1994232N10144,жЧ†ERA5
1994237N24167,"зЇђеЇ¶иґКзХМ, жЧ†ERA5"
1994242N12112,жЧ†ERA5
1994244N07151,"зЇђеЇ¶иґКзХМ, жЧ†ERA5"
1994250N14133,жЧ†ERA5
1994251N10180,жЧ†ERA5
1994257N13139,жЧ†ERA5
1994259N12128,"зЇђеЇ¶иґКзХМ, жЧ†ERA5"
1994263N17170,жЧ†ERA5
1994265N16149,жЧ†ERA5
1994273N08176,"зЇђеЇ¶иґКзХМ, зїПеЇ¶иґКзХМ, йАЯеЇ¶еЉВеЄЄ(8237km/h), жЧ†ERA5"
1994287N08176,жЧ†ERA5
1994287N14156,жЧ†ERA5
1994291N12170,"зЇђеЇ¶иґКзХМ, зїПеЇ¶иґКзХМ, йАЯеЇ¶еЉВеЄЄ(9398km/h), жЧ†ERA5"
1994295N25188,"зїПеЇ¶иґКзХМ, йАЯеЇ¶еЉВеЄЄ(12099km/h), жЧ†ERA5"
1994298N25161,жЧ†ERA5
1994345N06165,жЧ†ERA5
1994348N04175,"зЇђеЇ¶иґКзХМ, зїПеЇ¶иґКзХМ, йАЯеЇ¶еЉВеЄЄ(9205km/h), жЧ†ERA5"
1995113N06169,жЧ†ERA5
1995148N07150,"зїПеЇ¶иґКзХМ, йАЯеЇ¶еЉВеЄЄ(9918km/h), жЧ†ERA5"
1995150N05156,жЧ†ERA5
1995193N06156,жЧ†ERA5
1995206N15133,жЧ†ERA5
1995215N12145,жЧ†ERA5
1995225N12124,жЧ†ERA5
1995229N12144,жЧ†ERA5
1995233N16115,"зїПеЇ¶иґКзХМ, жЧ†ERA5"
1995236N10134,жЧ†ERA5
1995240N24151,"зїПеЇ¶иґКзХМ, йАЯеЇ¶еЉВеЄЄ(10056km/h), жЧ†ERA5"
1995244N08139,жЧ†ERA5
1995250N09161,"зЇђеЇ¶иґКзХМ, зїПеЇ¶иґКзХМ, йАЯеЇ¶еЉВеЄЄ(8693km/h), жЧ†ERA5"
1995252N08142,"зїПеЇ¶иґКзХМ, йАЯеЇ¶еЉВеЄЄ(9888km/h), жЧ†ERA5"
1995258N14115,жЧ†ERA5
1995264N06174,жЧ†ERA5
1995277N07141,жЧ†ERA5
1995279N15153,жЧ†ERA5
1995287N08163,"зїПеЇ¶иґКзХМ, йАЯеЇ¶еЉВеЄЄ(10011km/h), жЧ†ERA5"
1995292N08150,"зїПеЇ¶иґКзХМ, жЧ†ERA5"
1995293N05177,жЧ†ERA5
1995294N05163,"зЇђеЇ¶иґКзХМ, жЧ†ERA5"
1995302N17174,"зЇђеЇ¶иґКзХМ, зїПеЇ¶иґКзХМ, йАЯеЇ¶еЉВеЄЄ(9088km/h), жЧ†ERA5"
1995314N25186,"зїПеЇ¶иґКзХМ, йАЯеЇ¶еЉВеЄЄ(12448km/h), жЧ†ERA5"
1995357N07139,"зїПеЇ¶иґКзХМ, йАЯеЇ¶еЉВеЄЄ(11121km/h), жЧ†ERA5"
1996090N04150,"зЇђеЇ¶иґКзХМ, жЧ†ERA5"
1996128N07138,"йАЯеЇ¶еЉВеЄЄ(191km/h), жЧ†ERA5"
1996137N13111,жЧ†ERA5
1996186N19156,"зЇђеЇ¶иґКзХМ, зїПеЇ¶иґКзХМ, йАЯеЇ¶еЉВеЄЄ(7041km/h), жЧ†ERA5"
1996192N19152,"зЇђеЇ¶иґКзХМ, зїПеЇ¶иґКзХМ, йАЯеЇ¶еЉВеЄЄ(7692km/h), жЧ†ERA5"
1996201N07137,жЧ†ERA5
1996202N17115,жЧ†ERA5
1996203N12152,жЧ†ERA5
1996208N20165,"зЇђеЇ¶иґКзХМ, жЧ†ERA5"
1996209N12144,жЧ†ERA5
1996210N05156,"зЇђеЇ¶иґКзХМ, зїПеЇ¶иґКзХМ, йАЯеЇ¶еЉВеЄЄ(7198km/h), жЧ†ERA5"
1996217N16111,жЧ†ERA5
1996225N23108,жЧ†ERA5
1996227N08156,жЧ†ERA5
1996227N15176,"зЇђеЇ¶иґКзХМ, зїПеЇ¶иґКзХМ, йАЯеЇ¶еЉВеЄЄ(9356km/h), жЧ†ERA5"
1996232N21170,"зЇђеЇ¶иґКзХМ, жЧ†ERA5"
1996240N22168,"зїПеЇ¶иґКзХМ, йАЯеЇ¶еЉВеЄЄ(10996km/h), жЧ†ERA5"
1996246N08148,жЧ†ERA5
1996252N11162,жЧ†ERA5
1996254N13138,"зЇђеЇ¶иґКзХМ, зїПеЇ¶иґКзХМ, йАЯеЇ¶еЉВеЄЄ(9725km/h), жЧ†ERA5"
1996260N19107,жЧ†ERA5
1996261N08184,"зїПеЇ¶иґКзХМ, йАЯеЇ¶еЉВеЄЄ(13155km/h), жЧ†ERA5"
1996268N15140,"зїПеЇ¶иґКзХМ, йАЯеЇ¶еЉВеЄЄ(11277km/h), жЧ†ERA5"
1996282N11162,жЧ†ERA5
1996283N12133,жЧ†ERA5
1996291N17168,жЧ†ERA5
1996303N07155,"зЇђеЇ¶иґКзХМ, жЧ†ERA5"
1996307N09154,жЧ†ERA5
1996312N14125,"зїПеЇ¶иґКзХМ, жЧ†ERA5"
1996353N05151,жЧ†ERA5
1996356N08110,"зЇђеЇ¶иґКзХМ, жЧ†ERA5"
1997011N04176,"зЇђеЇ¶иґКзХМ, жЧ†ERA5"
1997099N06153,жЧ†ERA5
1997108N05168,жЧ†ERA5
1997124N03171,"зЇђеЇ¶иґКзХМ, жЧ†ERA5"
1997143N17111,"зїПеЇ¶иґКзХМ, йАЯеЇ¶еЉВеЄЄ(10627km/h), жЧ†ERA5"
1997146N09161,"зїПеЇ¶иґКзХМ, йАЯеЇ¶еЉВеЄЄ(10791km/h), жЧ†ERA5"
1997152N06171,"зїПеЇ¶иґКзХМ, йАЯеЇ¶еЉВеЄЄ(9834km/h), жЧ†ERA5"
1997165N12139,жЧ†ERA5
1997167N06162,"зЇђеЇ¶иґКзХМ, зїПеЇ¶иґКзХМ, йАЯеЇ¶еЉВеЄЄ(8652km/h), жЧ†ERA5"
1997196N08142,жЧ†ERA5
1997201N24152,"зЇђеЇ¶иґКзХМ, зїПеЇ¶иґКзХМ, йАЯеЇ¶еЉВеЄЄ(8987km/h), жЧ†ERA5"
1997202N04152,"зЇђеЇ¶иґКзХМ, жЧ†ERA5"
1997210N15120,жЧ†ERA5
1997217N06168,"зЇђеЇ¶иґКзХМ, жЧ†ERA5"
1997221N03179,"зЇђеЇ¶иґКзХМ, зїПеЇ¶иґКзХМ, йАЯеЇ¶еЉВеЄЄ(8619km/h), жЧ†ERA5"
1997232N14136,жЧ†ERA5
1997232N17115,жЧ†ERA5
1997236N10172,"зЇђеЇ¶иґКзХМ, зїПеЇ¶иґКзХМ, йАЯеЇ¶еЉВеЄЄ(8492km/h), жЧ†ERA5"
1997238N19112,жЧ†ERA5
1997240N12193,"зЇђеЇ¶иґКзХМ, зїПеЇ¶иґКзХМ, йАЯеЇ¶еЉВеЄЄ(12954km/h), жЧ†ERA5"
1997252N10171,"зЇђеЇ¶иґКзХМ, зїПеЇ¶иґКзХМ, йАЯеЇ¶еЉВеЄЄ(8320km/h), жЧ†ERA5"
1997261N13114,жЧ†ERA5
1997262N22184,"зїПеЇ¶иґКзХМ, йАЯеЇ¶еЉВеЄЄ(12294km/h), жЧ†ERA5"
1997265N10175,"зЇђеЇ¶иґКзХМ, зїПеЇ¶иґКзХМ, йАЯеЇ¶еЉВеЄЄ(9154km/h), жЧ†ERA5"
1997270N18111,жЧ†ERA5
1997283N07177,жЧ†ERA5
1997284N04179,"зЇђеЇ¶иґКзХМ, зїПеЇ¶иґКзХМ, йАЯеЇ¶еЉВеЄЄ(10459km/h), жЧ†ERA5"
1997298N06140,"зїПеЇ¶иґКзХМ, жЧ†ERA5"
1997299N07169,жЧ†ERA5
1997311N10151,жЧ†ERA5
1997333N06194,"зїПеЇ¶иґКзХМ, йАЯеЇ¶еЉВеЄЄ(13202km/h), жЧ†ERA5"
1998188N18117,жЧ†ERA5
1998213N14128,жЧ†ERA5
1998217N10130,жЧ†ERA5
1998235N17131,"зЇђеЇ¶иґКзХМ, зїПеЇ¶иґКзХМ, йАЯеЇ¶еЉВеЄЄ(8512km/h), жЧ†ERA5"
1998253N17150,"зЇђеЇ¶иґКзХМ, зїПеЇ¶иґКзХМ, йАЯеЇ¶еЉВеЄЄ(8528km/h), жЧ†ERA5"
1998258N19126,жЧ†ERA5
1998259N17118,"зЇђеЇ¶иґКзХМ, зїПеЇ¶иґКзХМ, йАЯеЇ¶еЉВеЄЄ(8673km/h), жЧ†ERA5"
1998262N20137,жЧ†ERA5
1998267N13134,жЧ†ERA5
1998281N11151,"зЇђеЇ¶иґКзХМ, жЧ†ERA5"
1998285N12149,жЧ†ERA5
1998315N09116,жЧ†ERA5
1998321N11117,жЧ†ERA5
1998327N09126,жЧ†ERA5
1998342N06141,жЧ†ERA5
1998343N08114,"зїПеЇ¶иґКзХМ, жЧ†ERA5"
1999045N11138,жЧ†ERA5
1999111N08126,жЧ†ERA5
1999116N14114,жЧ†ERA5
1999151N09132,жЧ†ERA5
1999203N17129,жЧ†ERA5
1999208N06139,"зЇђеЇ¶иґКзХМ, жЧ†ERA5"
1999213N12144,жЧ†ERA5
1999217N11265,"зїПеЇ¶иґКзХМ, йАЯеЇ¶еЉВеЄЄ(12672km/h), жЧ†ERA5"
1999218N21116,жЧ†ERA5
1999230N12129,жЧ†ERA5
1999231N30181,"зїПеЇ¶иґКзХМ, йАЯеЇ¶еЉВеЄЄ(11583km/h), жЧ†ERA5"
1999235N27140,жЧ†ERA5
1999241N12133,жЧ†ERA5
1999253N17124,жЧ†ERA5
1999254N18142,жЧ†ERA5
1999258N25128,жЧ†ERA5
1999260N20130,"зЇђеЇ¶иґКзХМ, зїПеЇ¶иґКзХМ, йАЯеЇ¶еЉВеЄЄ(7682km/h), жЧ†ERA5"
1999266N18113,жЧ†ERA5
1999275N16135,жЧ†ERA5
1999288N12129,жЧ†ERA5
1999310N09138,жЧ†ERA5
1999315N13127,жЧ†ERA5
2000125N06136,жЧ†ERA5
2000138N16119,"зїПеЇ¶иґКзХМ, йАЯеЇ¶еЉВеЄЄ(9819km/h), жЧ†ERA5"
2000184N13133,жЧ†ERA5
2000185N15117,жЧ†ERA5
2000199N20145,жЧ†ERA5
2000202N12131,"зЇђеЇ¶иґКзХМ, жЧ†ERA5"
2000209N06182,"зїПеЇ¶иґКзХМ, йАЯеЇ¶еЉВеЄЄ(13168km/h), жЧ†ERA5"
2000214N22155,жЧ†ERA5
2000222N14143,жЧ†ERA5
2000230N08139,жЧ†ERA5
2000232N12116,жЧ†ERA5
2000237N08138,жЧ†ERA5
2000240N22115,жЧ†ERA5
2000245N14157,"зЇђеЇ¶иґКзХМ, жЧ†ERA5"
2000248N17117,жЧ†ERA5
2000248N18126,жЧ†ERA5
2000258N22138,"зЇђеЇ¶иґКзХМ, зїПеЇ¶иґКзХМ, йАЯеЇ¶еЉВеЄЄ(7295km/h), жЧ†ERA5"
2000260N15178,"зЇђеЇ¶иґКзХМ, зїПеЇ¶иґКзХМ, йАЯеЇ¶еЉВеЄЄ(9493km/h), жЧ†ERA5"
2000295N20146,жЧ†ERA5
2000299N08139,жЧ†ERA5
2000305N06136,жЧ†ERA5
2000332N08133,жЧ†ERA5
2000364N07130,"йАЯеЇ¶еЉВеЄЄ(390km/h), жЧ†ERA5"
2001125N05129,жЧ†ERA5
2001170N11138,жЧ†ERA5
2001180N15118,жЧ†ERA5
2001181N08141,жЧ†ERA5
2001189N13130,жЧ†ERA5
2001202N23152,"зЇђеЇ¶иґКзХМ, жЧ†ERA5"
2001204N19127,жЧ†ERA5
2001206N14134,жЧ†ERA5
2001212N10158,"зЇђеЇ¶иґКзХМ, жЧ†ERA5"
2001220N17118,жЧ†ERA5
2001225N18146,жЧ†ERA5
2001238N16139,"зЇђеЇ¶иґКзХМ, зїПеЇ¶иґКзХМ, йАЯеЇ¶еЉВеЄЄ(9324km/h), жЧ†ERA5"
2001238N18162,жЧ†ERA5
2001239N19116,жЧ†ERA5
2001246N19156,"зЇђеЇ¶иґКзХМ, жЧ†ERA5"
2001248N23125,жЧ†ERA5
2001259N20138,"зЇђеЇ¶иґКзХМ, жЧ†ERA5"
2001260N14167,"зЇђеЇ¶иґКзХМ, зїПеЇ¶иґКзХМ, йАЯеЇ¶еЉВеЄЄ(8826km/h), жЧ†ERA5"
2001264N21126,жЧ†ERA5
2001276N13146,"зїПеЇ¶иґКзХМ, йАЯеЇ¶еЉВеЄЄ(9696km/h), жЧ†ERA5"
2001284N16132,жЧ†ERA5
2001291N05158,"зЇђеЇ¶иґКзХМ, зїПеЇ¶иґКзХМ, йАЯеЇ¶еЉВеЄЄ(9507km/h), жЧ†ERA5"
2001309N10130,жЧ†ERA5
2001338N10130,жЧ†ERA5
2001347N04162,"зЇђеЇ¶иґКзХМ, жЧ†ERA5"
2001361N01106,"зЇђеЇ¶иґКзХМ, зїПеЇ¶иґКзХМ, йАЯеЇ¶еЉВеЄЄ(627km/h), жЧ†ERA5"
2002008N07141,жЧ†ERA5
2002057N06156,жЧ†ERA5
2002133N03150,"зЇђеЇ¶иґКзХМ, жЧ†ERA5"
2002155N20112,жЧ†ERA5
2002178N04155,"зЇђеЇ¶иґКзХМ, жЧ†ERA5"
2002178N10139,жЧ†ERA5
2002187N11160,"зЇђеЇ¶иґКзХМ, зїПеЇ¶иґКзХМ, йАЯеЇ¶еЉВеЄЄ(8380km/h), жЧ†ERA5"
2002189N21116,жЧ†ERA5
2002195N11172,жЧ†ERA5
2002198N09182,"зїПеЇ¶иґКзХМ, йАЯеЇ¶еЉВеЄЄ(12790km/h), жЧ†ERA5"
2002200N21150,жЧ†ERA5
2002214N19120,жЧ†ERA5
2002222N09163,"зЇђеЇ¶иґКзХМ, зїПеЇ¶иґКзХМ, йАЯеЇ¶еЉВеЄЄ(8380km/h), жЧ†ERA5"
2002227N14115,жЧ†ERA5
2002234N14164,"зЇђеЇ¶иґКзХМ, жЧ†ERA5"
2002237N10202,"зЇђеЇ¶иґКзХМ, зїПеЇ¶иґКзХМ, йАЯеЇ¶еЉВеЄЄ(13012km/h), жЧ†ERA5"
2002240N16155,жЧ†ERA5
2002252N20121,жЧ†ERA5
2002263N22139,"зЇђеЇ¶иґКзХМ, зїПеЇ¶иґКзХМ, йАЯеЇ¶еЉВеЄЄ(8022km/h), жЧ†ERA5"
2002264N13114,жЧ†ERA5
2002268N15163,"зЇђеЇ¶иґКзХМ, жЧ†ERA5"
2002282N10156,"зЇђеЇ¶иґКзХМ, зїПеЇ¶иґКзХМ, йАЯеЇ¶еЉВеЄЄ(9073km/h), жЧ†ERA5"
2002297N09206,"зїПеЇ¶иґКзХМ, йАЯеЇ¶еЉВеЄЄ(12797km/h), жЧ†ERA5"
2002298N17169,"зїПеЇ¶иґКзХМ, йАЯеЇ¶еЉВеЄЄ(10988km/h), жЧ†ERA5"
2002323N09155,жЧ†ERA5
2002335N05166,жЧ†ERA5
2003011N02180,"зЇђеЇ¶иґКзХМ, зїПеЇ¶иґКзХМ, йАЯеЇ¶еЉВеЄЄ(13302km/h), жЧ†ERA5"
2003098N03159,"зЇђеЇ¶иґКзХМ, жЧ†ERA5"
2003138N04148,"зЇђеЇ¶иґКзХМ, жЧ†ERA5"
2003144N16119,"зЇђеЇ¶иґКзХМ, жЧ†ERA5"
2003150N17119,жЧ†ERA5
2003158N08156,жЧ†ERA5
2003196N05150,"зЇђеЇ¶иґКзХМ, жЧ†ERA5"
2003196N11137,жЧ†ERA5
2003212N09150,"зЇђеЇ¶иґКзХМ, жЧ†ERA5"
2003212N12130,жЧ†ERA5
2003226N07156,жЧ†ERA5
2003240N14230,"зїПеЇ¶иґКзХМ, йАЯеЇ¶еЉВеЄЄ(12921km/h), жЧ†ERA5"
2003240N20139,жЧ†ERA5
2003247N10153,"зЇђеЇ¶иґКзХМ, жЧ†ERA5"
2003259N13133,"зЇђеЇ¶иґКзХМ, зїПеЇ¶иґКзХМ, йАЯеЇ¶еЉВеЄЄ(9176km/h), жЧ†ERA5"
2003267N15140,"зЇђеЇ¶иґКзХМ, зїПеЇ¶иґКзХМ, йАЯеЇ¶еЉВеЄЄ(8854km/h), жЧ†ERA5"
2003290N15132,жЧ†ERA5
2003291N17147,"зїПеЇ¶иґКзХМ, йАЯеЇ¶еЉВеЄЄ(10902km/h), жЧ†ERA5"
2003302N11133,жЧ†ERA5
2003316N11141,жЧ†ERA5
2003319N13172,жЧ†ERA5
2004093N07154,"зїПеЇ¶иґКзХМ, йАЯеЇ¶еЉВеЄЄ(10205km/h), жЧ†ERA5"
2004134N07132,жЧ†ERA5
2004136N05148,жЧ†ERA5
2004156N16117,"зЇђеЇ¶иґКзХМ, зїПеЇ¶иґКзХМ, йАЯеЇ¶еЉВеЄЄ(9199km/h), жЧ†ERA5"
2004158N07142,жЧ†ERA5
2004164N06139,"зЇђеЇ¶иґКзХМ, зїПеЇ¶иґКзХМ, йАЯеЇ¶еЉВеЄЄ(8819km/h), жЧ†ERA5"
2004174N14146,жЧ†ERA5
2004177N12154,"зЇђеЇ¶иґКзХМ, жЧ†ERA5"
2004193N19136,жЧ†ERA5
2004206N20151,"зЇђеЇ¶иґКзХМ, жЧ†ERA5"
2004215N22148,жЧ†ERA5
2004216N16166,"зЇђеЇ¶иґКзХМ, зїПеЇ¶иґКзХМ, йАЯеЇ¶еЉВеЄЄ(9404km/h), жЧ†ERA5"
2004219N15137,жЧ†ERA5
2004222N24150,жЧ†ERA5
2004227N15144,жЧ†ERA5
2004230N09172,"зЇђеЇ¶иґКзХМ, жЧ†ERA5"
2004231N09147,жЧ†ERA5
2004239N11171,"зЇђеЇ¶иґКзХМ, зїПеЇ¶иґКзХМ, йАЯеЇ¶еЉВеЄЄ(7897km/h), жЧ†ERA5"
2004248N14156,жЧ†ERA5
2004255N23120,"зЇђеЇ¶иґКзХМ, жЧ†ERA5"
2004263N13153,жЧ†ERA5
2004275N14139,жЧ†ERA5
2004284N07157,"зЇђеЇ¶иґКзХМ, зїПеЇ¶иґКзХМ, йАЯеЇ¶еЉВеЄЄ(7486km/h), жЧ†ERA5"
2004288N09164,жЧ†ERA5
2004319N10134,"зїПеЇ¶иґКзХМ, жЧ†ERA5"
2004333N06154,жЧ†ERA5
2004344N06178,жЧ†ERA5
2004352N10154,жЧ†ERA5
2005013N05153,жЧ†ERA5
2005071N06152,жЧ†ERA5
2005107N07151,жЧ†ERA5
2005148N06156,жЧ†ERA5
2005192N22155,жЧ†ERA5
2005199N21168,жЧ†ERA5
2005202N13138,"зЇђеЇ¶иґКзХМ, зїПеЇ¶иґКзХМ, йАЯеЇ¶еЉВеЄЄ(7836km/h), жЧ†ERA5"
2005210N19115,жЧ†ERA5
2005211N09141,жЧ†ERA5
2005222N14131,жЧ†ERA5
2005229N21156,"зЇђеЇ¶иґКзХМ, жЧ†ERA5"
2005230N20144,жЧ†ERA5
2005237N14148,жЧ†ERA5
2005241N15155,"зЇђеЇ¶иґКзХМ, жЧ†ERA5"
2005248N08142,жЧ†ERA5
2005257N15120,"зїПеЇ¶иґКзХМ, жЧ†ERA5"
2005262N13127,"зїПеЇ¶иґКзХМ, жЧ†ERA5"
2005262N20155,"зїПеЇ¶иґКзХМ, йАЯеЇ¶еЉВеЄЄ(9758km/h), жЧ†ERA5"
2005268N19146,жЧ†ERA5
2005282N22138,жЧ†ERA5
2005301N13117,жЧ†ERA5
2005311N08140,жЧ†ERA5
2005316N05134,жЧ†ERA5
2006128N09138,жЧ†ERA5
2006174N08135,жЧ†ERA5
2006180N06140,"зЇђеЇ¶иґКзХМ, жЧ†ERA5"
2006188N10143,жЧ†ERA5
2006198N08152,жЧ†ERA5
2006209N13130,жЧ†ERA5
2006216N07151,жЧ†ERA5
2006216N21152,"зЇђеЇ¶иґКзХМ, жЧ†ERA5"
2006217N20134,жЧ†ERA5
2006224N21141,жЧ†ERA5
2006225N17126,жЧ†ERA5
2006228N10218,"зЇђеЇ¶иґКзХМ, зїПеЇ¶иґКзХМ, йАЯеЇ¶еЉВеЄЄ(12682km/h), жЧ†ERA5"
2006252N13139,жЧ†ERA5
2006259N19155,"зЇђеЇ¶иґКзХМ, зїПеЇ¶иґКзХМ, йАЯеЇ¶еЉВеЄЄ(8844km/h), жЧ†ERA5"
2006268N12129,жЧ†ERA5
2006272N13144,жЧ†ERA5
2006276N18151,жЧ†ERA5
2006282N13160,жЧ†ERA5
2006298N12143,жЧ†ERA5
2006311N16143,жЧ†ERA5
2006329N06150,"зїПеЇ¶иґКзХМ, жЧ†ERA5"
2006340N08142,жЧ†ERA5
2006349N08157,жЧ†ERA5
2007090N06158,жЧ†ERA5
2007135N08147,"зїПеЇ¶иґКзХМ, йАЯеЇ¶еЉВеЄЄ(10665km/h), жЧ†ERA5"
2007184N16112,жЧ†ERA5
2007188N04148,"зЇђеЇ¶иґКзХМ, зїПеЇ¶иґКзХМ, йАЯеЇ¶еЉВеЄЄ(8634km/h), жЧ†ERA5"
2007208N20155,жЧ†ERA5
2007216N18138,жЧ†ERA5
2007223N19136,жЧ†ERA5
2007240N17153,жЧ†ERA5
2007249N24161,"зїПеЇ¶иґКзХМ, йАЯеЇ¶еЉВеЄЄ(9866km/h), жЧ†ERA5"
2007254N18140,жЧ†ERA5
2007257N16134,жЧ†ERA5
2007265N20122,жЧ†ERA5
2007272N17125,жЧ†ERA5
2007274N18131,"зЇђеЇ¶иґКзХМ, зїПеЇ¶иґКзХМ, йАЯеЇ¶еЉВеЄЄ(9296km/h), жЧ†ERA5"
2007274N28173,жЧ†ERA5
2007276N20147,"зЇђеЇ¶иґКзХМ, жЧ†ERA5"
2007282N19181,"зїПеЇ¶иґКзХМ, йАЯеЇ¶еЉВеЄЄ(12577km/h), жЧ†ERA5"
2007291N19148,"зїПеЇ¶иґКзХМ, йАЯеЇ¶еЉВеЄЄ(10475km/h), жЧ†ERA5"
2007298N18136,жЧ†ERA5
2007306N18133,жЧ†ERA5
2007313N16148,жЧ†ERA5
2007323N09128,жЧ†ERA5
2007324N10140,жЧ†ERA5
2008104N08128,жЧ†ERA5
2008128N07134,жЧ†ERA5
2008135N12116,"зЇђеЇ¶иґКзХМ, жЧ†ERA5"
2008135N16125,жЧ†ERA5
2008147N10141,"зїПеЇ¶иґКзХМ, йАЯеЇ¶еЉВеЄЄ(11190km/h), жЧ†ERA5"
2008169N08135,жЧ†ERA5
2008193N20126,"зЇђеЇ¶иґКзХМ, жЧ†ERA5"
2008206N22133,жЧ†ERA5
2008217N19120,жЧ†ERA5
2008218N10224,"зїПеЇ¶иґКзХМ, йАЯеЇ¶еЉВеЄЄ(13067km/h), жЧ†ERA5"
2008226N22134,"зЇђеЇ¶иґКзХМ, зїПеЇ¶иґКзХМ, йАЯеЇ¶еЉВеЄЄ(8868km/h), жЧ†ERA5"
2008229N13147,жЧ†ERA5
2008252N16128,жЧ†ERA5
2008262N16142,жЧ†ERA5
2008268N12140,жЧ†ERA5
2008272N08139,жЧ†ERA5
2008272N15113,жЧ†ERA5
2008292N20152,"зЇђеЇ¶иґКзХМ, зїПеЇ¶иґКзХМ, йАЯеЇ¶еЉВеЄЄ(8550km/h), жЧ†ERA5"
2008311N08128,жЧ†ERA5
2008320N08122,жЧ†ERA5
2008320N23146,"зїПеЇ¶иґКзХМ, йАЯеЇ¶еЉВеЄЄ(9690km/h), жЧ†ERA5"
2008343N16168,жЧ†ERA5
2009121N13124,"зЇђеЇ¶иґКзХМ, жЧ†ERA5"
2009123N10111,жЧ†ERA5
2009164N10131,"зЇђеЇ¶иґКзХМ, жЧ†ERA5"
2009173N10132,жЧ†ERA5
2009189N17129,жЧ†ERA5
2009196N14129,жЧ†ERA5
2009213N16130,жЧ†ERA5
2009215N20133,жЧ†ERA5
2009219N19140,"зїПеЇ¶иґКзХМ, йАЯеЇ¶еЉВеЄЄ(9775km/h), жЧ†ERA5"
2009221N10201,"зїПеЇ¶иґКзХМ, йАЯеЇ¶еЉВеЄЄ(12899km/h), жЧ†ERA5"
2009228N11163,"зЇђеЇ¶иґКзХМ, зїПеЇ¶иґКзХМ, йАЯеЇ¶еЉВеЄЄ(7721km/h), жЧ†ERA5"
2009238N20151,жЧ†ERA5
2009246N18130,"зЇђеЇ¶иґКзХМ, зїПеЇ¶иґКзХМ, йАЯеЇ¶еЉВеЄЄ(8001km/h), жЧ†ERA5"
2009251N16118,жЧ†ERA5
2009254N14130,жЧ†ERA5
2009255N13155,жЧ†ERA5
2009268N14128,жЧ†ERA5
2009270N10148,жЧ†ERA5
2009272N07164,"зЇђеЇ¶иґКзХМ, жЧ†ERA5"
2009281N15144,"зїПеЇ¶иґКзХМ, йАЯеЇ¶еЉВеЄЄ(10092km/h), жЧ†ERA5"
2009287N10154,"зЇђеЇ¶иґКзХМ, жЧ†ERA5"
2009299N12153,жЧ†ERA5
2009325N06148,жЧ†ERA5
2010078N03153,"зЇђеЇ¶иґКзХМ, жЧ†ERA5"
2010191N12138,жЧ†ERA5
2010198N15123,жЧ†ERA5
2010218N20127,жЧ†ERA5
2010233N17119,жЧ†ERA5
2010239N15118,жЧ†ERA5
2010240N15142,"зЇђеЇ¶иґКзХМ, зїПеЇ¶иґКзХМ, йАЯеЇ¶еЉВеЄЄ(7739km/h), жЧ†ERA5"
2010243N12146,жЧ†ERA5
2010249N24125,жЧ†ERA5
2010256N17137,жЧ†ERA5
2010263N15149,"зЇђеЇ¶иґКзХМ, зїПеЇ¶иґКзХМ, йАЯеЇ¶еЉВеЄЄ(7712km/h), жЧ†ERA5"
2010285N13145,жЧ†ERA5
2010293N16147,жЧ†ERA5
2010305N06105,"зїПеЇ¶иґКзХМ, жЧ†ERA5"
2010350N30175,"зїПеЇ¶иґКзХМ, йАЯеЇ¶еЉВеЄЄ(12491km/h), жЧ†ERA5"
2011126N11129,"зЇђеЇ¶иґКзХМ, зїПеЇ¶иґКзХМ, йАЯеЇ¶еЉВеЄЄ(8130km/h), жЧ†ERA5"
2011140N08142,жЧ†ERA5
2011159N13122,жЧ†ERA5
2011167N08129,жЧ†ERA5
2011172N11133,жЧ†ERA5
2011192N18158,"зЇђеЇ¶иґКзХМ, жЧ†ERA5"
2011205N12130,жЧ†ERA5
2011208N09145,"зЇђеЇ¶иґКзХМ, жЧ†ERA5"
2011215N24164,"зЇђеЇ¶иґКзХМ, жЧ†ERA5"
2011233N12129,жЧ†ERA5
2011236N15143,"зЇђеЇ¶иґКзХМ, жЧ†ERA5"
2011245N21150,"зЇђеЇ¶иґКзХМ, жЧ†ERA5"
2011249N18133,жЧ†ERA5
2011253N20145,"зЇђеЇ¶иґКзХМ, зїПеЇ¶иґКзХМ, йАЯеЇ¶еЉВеЄЄ(8141km/h), жЧ†ERA5"
2011257N19154,"зїПеЇ¶иґКзХМ, йАЯеЇ¶еЉВеЄЄ(9642km/h), жЧ†ERA5"
2011266N13139,жЧ†ERA5
2011267N16111,жЧ†ERA5
2011270N18139,жЧ†ERA5
2011282N08136,жЧ†ERA5
2011346N03156,"зЇђеЇ¶иґКзХМ, жЧ†ERA5"
2012086N10116,жЧ†ERA5
2012141N11148,жЧ†ERA5
2012152N12130,"зЇђеЇ¶иґКзХМ, жЧ†ERA5"
2012162N06150,жЧ†ERA5
2012168N19112,жЧ†ERA5
2012177N11135,жЧ†ERA5
2012196N19144,жЧ†ERA5
2012201N15129,жЧ†ERA5
2012209N11131,жЧ†ERA5
2012209N25149,жЧ†ERA5
2012215N23146,жЧ†ERA5
2012216N24162,"зЇђеЇ¶иґКзХМ, жЧ†ERA5"
2012225N16133,жЧ†ERA5
2012230N21126,жЧ†ERA5
2012232N13141,"зЇђеЇ¶иґКзХМ, зїПеЇ¶иґКзХМ, йАЯеЇ¶еЉВеЄЄ(7883km/h), жЧ†ERA5"
2012254N09135,"зЇђеЇ¶иґКзХМ, жЧ†ERA5"
2012263N15141,"зЇђеЇ¶иґКзХМ, зїПеЇ¶иґКзХМ, йАЯеЇ¶еЉВеЄЄ(8774km/h), жЧ†ERA5"
2012267N16141,жЧ†ERA5
2012273N13112,жЧ†ERA5
2012274N13151,"зЇђеЇ¶иґКзХМ, зїПеЇ¶иґКзХМ, йАЯеЇ¶еЉВеЄЄ(9231km/h), жЧ†ERA5"
2012279N15145,"зЇђеЇ¶иґКзХМ, зїПеЇ¶иґКзХМ, йАЯеЇ¶еЉВеЄЄ(8387km/h), жЧ†ERA5"
2012287N16147,жЧ†ERA5
2012296N06135,жЧ†ERA5
2012331N03157,"зЇђеЇ¶иґКзХМ, жЧ†ERA5"
2012359N08134,жЧ†ERA5
2013001N04141,"зЇђеЇ¶иґКзХМ, жЧ†ERA5"
2013049N05131,"зЇђеЇ¶иґКзХМ, жЧ†ERA5"
2013158N13129,жЧ†ERA5
2013167N12128,"зЇђеЇ¶иґКзХМ, йАЯеЇ¶еЉВеЄЄ(165km/h), жЧ†ERA5"
2013171N15117,жЧ†ERA5
2013178N09133,жЧ†ERA5
2013187N20156,жЧ†ERA5
2013196N14128,жЧ†ERA5
2013210N13122,жЧ†ERA5
2013217N11118,жЧ†ERA5
2013220N12137,жЧ†ERA5
2013224N12220,"зїПеЇ¶иґКзХМ, йАЯеЇ¶еЉВеЄЄ(12689km/h), жЧ†ERA5"
2013227N08193,"зїПеЇ¶иґКзХМ, йАЯеЇ¶еЉВеЄЄ(13019km/h), жЧ†ERA5"
2013228N23124,жЧ†ERA5
2013237N11129,жЧ†ERA5
2013241N29169,жЧ†ERA5
2013243N26122,жЧ†ERA5
2013255N20148,"зЇђеЇ¶иґКзХМ, жЧ†ERA5"
2013259N17132,жЧ†ERA5
2013262N14149,"зЇђеЇ¶иґКзХМ, зїПеЇ¶иґКзХМ, йАЯеЇ¶еЉВеЄЄ(8605km/h), жЧ†ERA5"
2013269N15118,жЧ†ERA5
2013272N10135,жЧ†ERA5
2013272N26152,"зЇђеЇ¶иґКзХМ, жЧ†ERA5"
2013274N18152,жЧ†ERA5
2013282N14132,жЧ†ERA5
2013282N14149,"зЇђеЇ¶иґКзХМ, зїПеЇ¶иґКзХМ, йАЯеЇ¶еЉВеЄЄ(7709km/h), жЧ†ERA5"
2013289N14149,жЧ†ERA5
2013292N09162,"зїПеЇ¶иґКзХМ, йАЯеЇ¶еЉВеЄЄ(9765km/h), жЧ†ERA5"
2013301N13142,жЧ†ERA5
2013306N07162,жЧ†ERA5
2013316N06130,жЧ†ERA5
2013324N07103,"зїПеЇ¶иґКзХМ, жЧ†ERA5"
2014015N10129,жЧ†ERA5
2014029N10143,жЧ†ERA5
2014058N09149,жЧ†ERA5
2014093N02148,"зЇђеЇ¶иґКзХМ, жЧ†ERA5"
2014117N10145,жЧ†ERA5
2014160N21120,жЧ†ERA5
2014164N19116,"зїПеЇ¶иґКзХМ, йАЯеЇ¶еЉВеЄЄ(9595km/h), жЧ†ERA5"
2014184N08147,"зЇђеЇ¶иґКзХМ, жЧ†ERA5"
2014190N08154,жЧ†ERA5
2014197N10137,жЧ†ERA5
2014204N10239,"зїПеЇ¶иґКзХМ, йАЯеЇ¶еЉВеЄЄ(12895km/h), жЧ†ERA5"
2014209N12152,"зЇђеЇ¶иґКзХМ, жЧ†ERA5"
2014209N16134,жЧ†ERA5
2014248N19129,жЧ†ERA5
2014254N10142,жЧ†ERA5
2014260N13135,жЧ†ERA5
2014267N18150,"зїПеЇ¶иґКзХМ, йАЯеЇ¶еЉВеЄЄ(10375km/h), жЧ†ERA5"
2014271N10160,"зїПеЇ¶иґКзХМ, йАЯеЇ¶еЉВеЄЄ(9742km/h), жЧ†ERA5"
2014275N06166,"зЇђеЇ¶иґКзХМ, зїПеЇ¶иґКзХМ, йАЯеЇ¶еЉВеЄЄ(8185km/h), жЧ†ERA5"
2014303N13141,"йАЯеЇ¶еЉВеЄЄ(158km/h), жЧ†ERA5"
2014329N08131,жЧ†ERA5
2014334N02156,"зЇђеЇ¶иґКзХМ, жЧ†ERA5"
2014362N07130,"йАЯеЇ¶еЉВеЄЄ(464km/h), жЧ†ERA5"
2015012N09146,жЧ†ERA5
2015038N08158,жЧ†ERA5
2015069N04173,"зЇђеЇ¶иґКзХМ, жЧ†ERA5"
2015085N06162,жЧ†ERA5
2015092N06161,жЧ†ERA5
2015122N07144,"зЇђеЇ¶иґКзХМ, жЧ†ERA5"
2015127N04158,"зЇђеЇ¶иґКзХМ, зїПеЇ¶иґКзХМ, йАЯеЇ¶еЉВеЄЄ(7411km/h), жЧ†ERA5"
2015171N15112,жЧ†ERA5
2015180N09160,жЧ†ERA5
2015183N13130,жЧ†ERA5
2015184N08172,жЧ†ERA5
2015188N08194,"зїПеЇ¶иґКзХМ, йАЯеЇ¶еЉВеЄЄ(12986km/h), жЧ†ERA5"
2015211N13162,жЧ†ERA5
2015218N18149,"зїПеЇ¶иґКзХМ, йАЯеЇ¶еЉВеЄЄ(10267km/h), жЧ†ERA5"
2015226N12151,"зЇђеЇ¶иґКзХМ, жЧ†ERA5"
2015226N15164,"зЇђеЇ¶иґКзХМ, жЧ†ERA5"
2015229N08212,"зЇђеЇ¶иґКзХМ, зїПеЇ¶иґКзХМ, йАЯеЇ¶еЉВеЄЄ(12230km/h), жЧ†ERA5"
2015249N18142,жЧ†ERA5
2015257N14152,жЧ†ERA5
2015263N14148,жЧ†ERA5
2015273N12130,жЧ†ERA5
2015274N17167,"зЇђеЇ¶иґКзХМ, жЧ†ERA5"
2015285N14151,жЧ†ERA5
2015286N12163,"зЇђеЇ¶иґКзХМ, зїПеЇ¶иґКзХМ, йАЯеЇ¶еЉВеЄЄ(8927km/h), жЧ†ERA5"
2015321N04164,"зЇђеЇ¶иґКзХМ, жЧ†ERA5"
2015344N07145,жЧ†ERA5
2016185N08145,жЧ†ERA5
2016205N25152,"зЇђеЇ¶иґКзХМ, жЧ†ERA5"
2016207N17116,жЧ†ERA5
2016211N11128,жЧ†ERA5
2016216N17149,"зЇђеЇ¶иґКзХМ, зїПеЇ¶иґКзХМ, йАЯеЇ¶еЉВеЄЄ(7318km/h), жЧ†ERA5"
2016221N19163,"зЇђеЇ¶иґКзХМ, жЧ†ERA5"
2016225N16138,"зЇђеЇ¶иґКзХМ, жЧ†ERA5"
2016228N22117,жЧ†ERA5
2016230N15138,"зЇђеЇ¶иґКзХМ, жЧ†ERA5"
2016230N25160,жЧ†ERA5
2016232N22153,"зЇђеЇ¶иґКзХМ, жЧ†ERA5"
2016244N21123,жЧ†ERA5
2016253N13144,жЧ†ERA5
2016255N12114,жЧ†ERA5
2016256N12146,жЧ†ERA5
2016265N10150,жЧ†ERA5
2016269N15165,"зЇђеЇ¶иґКзХМ, зїПеЇ¶иґКзХМ, йАЯеЇ¶еЉВеЄЄ(8486km/h), жЧ†ERA5"
2016278N16181,"зїПеЇ¶иґКзХМ, йАЯеЇ¶еЉВеЄЄ(12746km/h), жЧ†ERA5"
2016279N19130,жЧ†ERA5
2016287N12131,жЧ†ERA5
2016288N06146,жЧ†ERA5
2016305N10147,жЧ†ERA5
2016313N11163,жЧ†ERA5
2016328N09130,жЧ†ERA5
2016355N07146,жЧ†ERA5
2017113N09144,жЧ†ERA5
2017161N13119,жЧ†ERA5
2017182N15132,"зЇђеЇ¶иґКзХМ, зїПеЇ¶иґКзХМ, йАЯеЇ¶еЉВеЄЄ(8153km/h), жЧ†ERA5"
2017195N16114,жЧ†ERA5
2017200N26162,жЧ†ERA5
2017201N23178,жЧ†ERA5
2017202N16116,жЧ†ERA5
2017206N13129,жЧ†ERA5
2017209N19118,жЧ†ERA5
2017212N27158,"зЇђеЇ¶иґКзХМ, жЧ†ERA5"
2017223N16172,"зЇђеЇ¶иґКзХМ, зїПеЇ¶иґКзХМ, йАЯеЇ¶еЉВеЄЄ(9313km/h), жЧ†ERA5"
2017232N19130,"зїПеЇ¶иґКзХМ, жЧ†ERA5"
2017236N15129,жЧ†ERA5
2017239N18147,"зЇђеЇ¶иґКзХМ, зїПеЇ¶иґКзХМ, йАЯеЇ¶еЉВеЄЄ(7948km/h), жЧ†ERA5"
2017242N19122,жЧ†ERA5
2017247N16132,жЧ†ERA5
2017252N14147,"зЇђеЇ¶иґКзХМ, жЧ†ERA5"
2017253N14130,жЧ†ERA5
2017284N15134,жЧ†ERA5
2017288N09138,жЧ†ERA5
2017292N13151,жЧ†ERA5
2017304N11127,жЧ†ERA5
2017312N10134,жЧ†ERA5
2017321N07124,жЧ†ERA5
2017347N11131,"зЇђеЇ¶иґКзХМ, жЧ†ERA5"
2017354N08134,жЧ†ERA5
2018039N08151,жЧ†ERA5
2018082N04147,"зЇђеЇ¶иґКзХМ, жЧ†ERA5"
2018153N12113,жЧ†ERA5
2018155N10132,жЧ†ERA5
2018165N22117,жЧ†ERA5
2018179N19134,жЧ†ERA5
2018184N10147,жЧ†ERA5
2018195N19138,жЧ†ERA5
2018199N18128,"зЇђеЇ¶иґКзХМ, жЧ†ERA5"
2018202N21159,"зЇђеЇ¶иґКзХМ, жЧ†ERA5"
2018204N15137,жЧ†ERA5
2018213N12245,"зїПеЇ¶иґКзХМ, жЧ†ERA5"
2018214N19153,жЧ†ERA5
2018218N18134,жЧ†ERA5
2018221N17112,жЧ†ERA5
2018222N16147,жЧ†ERA5
2018226N23128,жЧ†ERA5
2018227N11145,"зЇђеЇ¶иґКзХМ, зїПеЇ¶иґКзХМ, жЧ†ERA5"
2018229N11160,жЧ†ERA5
2018239N11161,"зЇђеЇ¶иґКзХМ, жЧ†ERA5"
2018250N12170,жЧ†ERA5
2018251N20122,жЧ†ERA5
2018263N12146,"зЇђеЇ¶иґКзХМ, зїПеЇ¶иґКзХМ, жЧ†ERA5"
2018271N06154,жЧ†ERA5
2018294N08161,жЧ†ERA5
2018311N07179,жЧ†ERA5
2018321N10113,жЧ†ERA5
2018324N04156,"зЇђеЇ¶иґКзХМ, зїПеЇ¶иґКзХМ, жЧ†ERA5"
2018365N08115,"зїПеЇ¶иґКзХМ, жЧ†ERA5"
2019050N05163,"зЇђеЇ¶иґКзХМ, жЧ†ERA5"
2019176N18128,"зЇђеЇ¶иґКзХМ, зїПеЇ¶иґКзХМ, жЧ†ERA5"
2019182N18114,жЧ†ERA5
2019195N13136,жЧ†ERA5
2019205N23137,жЧ†ERA5
2019210N16117,жЧ†ERA5
2019213N17155,жЧ†ERA5
2019214N15134,жЧ†ERA5
2019216N16147,"зЇђеЇ¶иґКзХМ, жЧ†ERA5"
2019231N13135,жЧ†ERA5
2019236N08143,жЧ†ERA5
2019242N14180,"зЇђеЇ¶иґКзХМ, зїПеЇ¶иґКзХМ, жЧ†ERA5"
2019242N18126,жЧ†ERA5
2019243N06136,"зЇђеЇ¶иґКзХМ, зїПеЇ¶иґКзХМ, жЧ†ERA5"
2019255N09162,жЧ†ERA5
2019260N20129,жЧ†ERA5
2019268N10155,жЧ†ERA5
2019278N16165,"зЇђеЇ¶иґКзХМ, зїПеЇ¶иґКзХМ, жЧ†ERA5"
2019288N16136,жЧ†ERA5
2019290N08169,жЧ†ERA5
2019302N11118,"зїПеЇ¶иґКзХМ, жЧ†ERA5"
2019306N10162,жЧ†ERA5
2019308N13114,жЧ†ERA5
2019314N12172,жЧ†ERA5
2019314N14136,жЧ†ERA5
2019322N11144,жЧ†ERA5
2019329N09160,жЧ†ERA5
2019354N05151,"зЇђеЇ¶иґКзХМ, жЧ†ERA5"
2020129N07134,жЧ†ERA5
2020160N10133,жЧ†ERA5
2020211N14124,жЧ†ERA5
2020213N15131,"зЇђеЇ¶иґКзХМ, зїПеЇ¶иґКзХМ, жЧ†ERA5"
2020220N14128,"зЇђеЇ¶иґКзХМ, жЧ†ERA5"
2020222N15117,жЧ†ERA5
2020229N18123,жЧ†ERA5
2020234N19123,"зЇђеЇ¶иґКзХМ, жЧ†ERA5"
2020239N13134,"зЇђеЇ¶иґКзХМ, жЧ†ERA5"
2020244N25146,"зЇђеЇ¶иґКзХМ, жЧ†ERA5"
2020258N11127,жЧ†ERA5
2020263N21136,"зЇђеЇ¶иґКзХМ, жЧ†ERA5"
2020270N17159,"зїПеЇ¶иґКзХМ, жЧ†ERA5"
2020277N21141,жЧ†ERA5
2020281N14126,жЧ†ERA5
2020285N17120,жЧ†ERA5
2020291N06141,жЧ†ERA5
2020296N09137,жЧ†ERA5
2020299N11144,жЧ†ERA5
2020303N05149,жЧ†ERA5
2020312N10131,жЧ†ERA5
2020313N08135,жЧ†ERA5
2020353N06129,"зїПеЇ¶иґКзХМ, жЧ†ERA5"
2021046N06142,жЧ†ERA5
2021102N06144,"зЇђеЇ¶иґКзХМ, зїПеЇ¶иґКзХМ, жЧ†ERA5"
2021148N05142,"зЇђеЇ¶иґКзХМ, жЧ†ERA5"
2021161N18115,жЧ†ERA5
2021171N09152,жЧ†ERA5
2021197N17135,жЧ†ERA5
2021198N19117,жЧ†ERA5
2021204N21146,жЧ†ERA5
2021214N21110,"зЇђеЇ¶иґКзХМ, жЧ†ERA5"
2021215N24124,жЧ†ERA5
2021216N22144,жЧ†ERA5
2021219N08193,"зЇђеЇ¶иґКзХМ, зїПеЇ¶иґКзХМ, жЧ†ERA5"
2021248N11131,жЧ†ERA5
2021248N12141,жЧ†ERA5
2021264N13119,"зїПеЇ¶иґКзХМ, жЧ†ERA5"
2021265N11150,"зЇђеЇ¶иґКзХМ, зїПеЇ¶иґКзХМ, жЧ†ERA5"
2021276N07131,жЧ†ERA5
2021280N14137,жЧ†ERA5
2021282N16165,"зЇђеЇ¶иґКзХМ, зїПеЇ¶иґКзХМ, жЧ†ERA5"
2021295N09145,"зїПеЇ¶иґКзХМ, жЧ†ERA5"
2021333N11146,жЧ†ERA5
2021346N05145,жЧ†ERA5
